date,device,post,impression,complete,complete_rate
2025-12-01,android,FALSE,1922,1765,0.9183142559833507
2025-12-02,android,FALSE,2008,1842,0.9173306772908366
2025-12-03,android,FALSE,2006,1857,0.9257228315054835
2025-12-04,android,FALSE,1968,1840,0.9349593495934959
2025-12-05,android,FALSE,1881,1765,0.9383306751727805
2025-12-06,android,FALSE,1971,1803,0.9147640791476408
2025-12-07,android,FALSE,1982,1837,0.9268415741675076
2025-12-08,android,FALSE,1975,1840,0.9316455696202531
2025-12-09,android,FALSE,1936,1801,0.9302685950413223
2025-12-10,android,FALSE,1914,1783,0.9315569487983281
2025-12-11,android,FALSE,1922,1780,0.9261186264308012
2025-12-12,android,FALSE,1936,1778,0.9183884297520661
2025-12-13,android,FALSE,1948,1807,0.9276180698151951
2025-12-14,android,FALSE,1949,1778,0.9122626988199076
2025-12-15,android,FALSE,1991,1853,0.9306880964339528
2025-12-16,android,FALSE,1986,1824,0.918429003021148
2025-12-17,android,FALSE,1976,1824,0.9230769230769231
2025-12-18,android,FALSE,1990,1846,0.9276381909547738
2025-12-19,android,FALSE,1984,1827,0.920866935483871
2025-12-20,android,FALSE,1953,1795,0.9190988223246288
2025-12-21,android,FALSE,1862,1705,0.9156820622986036
2025-12-22,android,FALSE,1972,1831,0.928498985801217
2025-12-23,android,FALSE,1997,1829,0.9158738107160741
2025-12-24,android,FALSE,1919,1765,0.9197498697238145
2025-12-25,android,FALSE,1928,1792,0.9294605809128631
2025-12-26,android,FALSE,1939,1793,0.9247034553893759
2025-12-27,android,FALSE,1945,1788,0.919280205655527
2025-12-28,android,FALSE,1921,1750,0.9109838625715773
2025-12-29,android,FALSE,1889,1718,0.9094759131815775
2025-12-30,android,FALSE,1993,1843,0.9247365780230807
2025-12-31,android,FALSE,1931,1771,0.9171413775245987
2026-01-01,android,FALSE,1998,1845,0.9234234234234234
2026-01-02,android,FALSE,1983,1840,0.9278870398386283
2026-01-03,android,FALSE,1942,1793,0.923274974253347
2026-01-04,android,FALSE,1930,1783,0.9238341968911917
2026-01-05,android,FALSE,1974,1839,0.9316109422492401
2026-01-06,android,FALSE,1919,1777,0.9260031266284523
2026-01-07,android,FALSE,1880,1734,0.9223404255319149
2026-01-08,android,FALSE,1983,1818,0.9167927382753404
2026-01-09,android,FALSE,1945,1801,0.9259640102827763
2026-01-10,android,FALSE,1961,1794,0.9148393676695563
2026-01-11,android,FALSE,1933,1782,0.9218830832902225
2026-01-12,android,FALSE,1965,1850,0.9414758269720102
2026-01-13,android,FALSE,1900,1753,0.9226315789473685
2026-01-14,android,FALSE,1961,1828,0.9321774604793472
2026-01-15,android,FALSE,1977,1801,0.9109762266059687
2026-01-16,android,FALSE,1942,1800,0.9268795056642637
2026-01-17,android,FALSE,1975,1815,0.9189873417721519
2026-01-18,android,FALSE,1944,1781,0.9161522633744856
2026-01-19,android,FALSE,1949,1813,0.9302206259620318
2026-01-20,android,FALSE,1908,1761,0.9229559748427673
2026-01-21,android,FALSE,1951,1803,0.9241414659149154
2026-01-22,android,FALSE,1917,1779,0.9280125195618153
2026-01-23,android,FALSE,1887,1751,0.9279279279279279
2026-01-24,android,FALSE,2014,1848,0.9175769612711023
2026-01-25,android,FALSE,1956,1801,0.9207566462167689
2026-01-26,android,FALSE,2045,1882,0.9202933985330073
2026-01-27,android,FALSE,1970,1806,0.916751269035533
2026-01-28,android,FALSE,1918,1768,0.921793534932221
2026-01-29,android,FALSE,1944,1806,0.9290123456790124
2026-01-30,android,FALSE,1894,1751,0.9244984160506864
2026-01-31,android,FALSE,1956,1785,0.9125766871165644
2026-02-01,android,FALSE,1944,1793,0.9223251028806584
2026-02-02,android,FALSE,1953,1788,0.9155145929339478
2026-02-03,android,FALSE,1923,1749,0.9095163806552262
2026-02-04,android,FALSE,2005,1863,0.9291770573566085
2026-02-05,android,FALSE,1984,1854,0.9344758064516129
2026-02-06,android,FALSE,1940,1789,0.9221649484536083
2026-02-07,android,FALSE,1976,1817,0.9195344129554656
2026-02-08,android,FALSE,1964,1804,0.9185336048879837
2026-02-09,android,FALSE,1996,1847,0.9253507014028056
2026-02-10,android,FALSE,1936,1798,0.9287190082644629
2026-02-11,android,FALSE,1978,1833,0.9266936299292214
2026-02-12,android,FALSE,2007,1853,0.9232685600398605
2026-02-13,android,FALSE,1911,1758,0.9199372056514914
2026-02-14,android,FALSE,2001,1817,0.9080459770114943
2026-02-15,android,FALSE,1980,1800,0.9090909090909091
2026-02-16,android,FALSE,2020,1858,0.9198019801980198
2026-02-17,android,FALSE,1974,1809,0.9164133738601824
2026-02-18,android,FALSE,1893,1756,0.9276281035393555
2026-02-19,android,FALSE,1960,1815,0.9260204081632653
2026-02-20,android,FALSE,1994,1850,0.9277833500501504
2026-02-21,android,FALSE,1984,1829,0.921875
2026-02-22,android,FALSE,1915,1750,0.9138381201044387
2026-02-23,android,FALSE,1909,1747,0.9151388161341016
2026-02-24,android,FALSE,1900,1753,0.9226315789473685
2026-02-25,android,FALSE,2028,1870,0.9220907297830375
2026-02-26,android,FALSE,1981,1827,0.9222614840989399
2026-02-27,android,FALSE,1990,1820,0.914572864321608
2026-02-28,android,FALSE,1966,1816,0.9237029501525941
2026-03-01,android,FALSE,2024,1858,0.9179841897233202
2026-03-02,android,FALSE,1921,1771,0.9219156689224363
2026-03-03,android,FALSE,1951,1793,0.9190158892875449
2026-03-04,android,FALSE,1951,1801,0.9231163505894413
2026-03-05,android,FALSE,1875,1720,0.9173333333333333
2026-03-06,android,FALSE,1932,1791,0.9270186335403726
2026-03-07,android,FALSE,1964,1806,0.9195519348268839
2026-03-08,android,FALSE,1971,1793,0.9096905124302385
2026-03-09,android,FALSE,1956,1817,0.9289366053169734
2026-03-10,android,FALSE,1944,1788,0.9197530864197531
2026-03-11,android,FALSE,2009,1832,0.9118964659034345
2026-03-12,android,FALSE,1940,1776,0.9154639175257732
2026-03-13,android,FALSE,1900,1749,0.9205263157894736
2026-03-14,android,FALSE,1981,1814,0.9156991418475517
2026-03-15,android,FALSE,1946,1804,0.9270298047276464
2026-03-16,android,FALSE,1895,1735,0.9155672823218998
2026-03-17,android,FALSE,1935,1790,0.9250645994832042
2026-03-18,android,FALSE,1928,1743,0.904045643153527
2026-03-19,android,FALSE,1973,1849,0.9371515458692347
2026-03-20,android,FALSE,1882,1750,0.9298618490967057
2026-03-21,android,FALSE,1907,1732,0.908232826428946
2026-03-22,android,FALSE,1936,1786,0.9225206611570248
2026-03-23,android,FALSE,1911,1763,0.9225536368393511
2026-03-24,android,FALSE,1947,1790,0.9193631227529533
2026-03-25,android,FALSE,1953,1789,0.916026625704045
2026-03-26,android,FALSE,1935,1798,0.9291989664082687
2026-03-27,android,FALSE,1929,1794,0.9300155520995335
2026-03-28,android,FALSE,1916,1752,0.9144050104384134
2026-03-29,android,FALSE,2042,1884,0.9226248775710089
2026-03-30,android,FALSE,1950,1817,0.9317948717948717
2026-03-31,android,FALSE,1893,1750,0.9244585314315901
2026-04-01,android,FALSE,2014,1849,0.9180734856007945
2026-04-02,android,FALSE,1892,1762,0.9312896405919662
2026-04-03,android,FALSE,1935,1797,0.9286821705426357
2026-04-04,android,FALSE,1989,1835,0.9225741578682756
2026-04-05,android,FALSE,1938,1771,0.913828689370485
2026-04-06,android,FALSE,1994,1819,0.9122367101303912
2026-04-07,android,FALSE,1922,1772,0.9219562955254943
2026-04-08,android,FALSE,1933,1777,0.9192964304190377
2026-04-09,android,FALSE,1968,1810,0.9197154471544715
2026-04-10,android,FALSE,1939,1801,0.9288292934502321
2026-04-11,android,FALSE,2024,1839,0.9085968379446641
2026-04-12,android,FALSE,1984,1784,0.8991935483870968
2026-04-13,android,FALSE,1981,1824,0.9207470974255426
2026-04-14,android,FALSE,1926,1778,0.9231568016614745
2026-04-15,android,FALSE,1887,1715,0.9088500264970854
2026-04-16,android,FALSE,1905,1749,0.9181102362204724
2026-04-17,android,FALSE,2051,1892,0.9224768405655778
2026-04-18,android,FALSE,1954,1785,0.913510747185261
2026-04-19,android,FALSE,1970,1806,0.916751269035533
2026-04-20,android,FALSE,1946,1778,0.9136690647482014
2026-04-21,android,FALSE,1976,1801,0.9114372469635628
2026-04-22,android,FALSE,1882,1737,0.9229543039319873
2026-04-23,android,FALSE,2041,1872,0.9171974522292994
2026-04-24,android,FALSE,1995,1843,0.9238095238095239
2026-04-25,android,FALSE,2003,1835,0.9161258112830754
2026-04-26,android,FALSE,1895,1739,0.9176781002638522
2026-04-27,android,FALSE,1923,1783,0.9271970878835153
2026-04-28,android,FALSE,1885,1740,0.9230769230769231
2026-04-29,android,FALSE,1946,1789,0.9193216855087358
2026-04-30,android,FALSE,2014,1859,0.923038728897716
2026-05-01,android,FALSE,1916,1762,0.9196242171189979
2026-05-02,android,FALSE,1998,1836,0.918918918918919
2026-05-03,android,FALSE,1949,1778,0.9122626988199076
2026-05-04,android,FALSE,1957,1793,0.9161982626469085
2026-05-05,android,FALSE,2039,1874,0.9190779794016675
2026-05-06,android,FALSE,1918,1777,0.9264859228362878
2026-05-07,android,FALSE,1896,1753,0.92457805907173
2026-05-08,android,FALSE,1903,1767,0.928533893851813
2026-05-09,android,FALSE,1905,1751,0.9191601049868766
2026-05-10,android,FALSE,1928,1762,0.9139004149377593
2026-05-11,android,FALSE,1968,1806,0.9176829268292683
2026-05-12,android,FALSE,2024,1859,0.9184782608695652
2026-05-13,android,FALSE,2020,1847,0.9143564356435644
2026-05-14,android,FALSE,1935,1781,0.9204134366925064
2026-05-15,android,FALSE,2018,1854,0.9187314172447968
2026-05-16,android,FALSE,1933,1781,0.9213657527159855
2026-05-17,android,FALSE,1973,1779,0.9016725798276736
2026-05-18,android,FALSE,1949,1787,0.9168804515135968
2026-05-19,android,FALSE,1972,1813,0.9193711967545639
2026-05-20,android,FALSE,1942,1796,0.9248197734294542
2026-05-21,android,FALSE,1902,1759,0.92481598317560465
2026-05-22,android,FALSE,1889,1748,0.9253573319216517
2026-05-23,android,FALSE,2001,1837,0.9180409795102449
2026-05-24,android,FALSE,1885,1695,0.8992042440318302
2026-05-25,android,FALSE,1894,1733,0.9149947201689546
2026-05-26,android,FALSE,1878,1719,0.9153354632587859
2026-05-27,android,FALSE,1873,1728,0.9225840896956754
2026-05-28,android,FALSE,1962,1789,0.9118246687054027
2026-05-29,android,FALSE,1941,1774,0.913961875321999
2026-05-30,android,FALSE,1898,1751,0.9225500526870389
2026-05-31,android,FALSE,1943,1772,0.9119917653113742
2026-06-01,android,TRUE,1879,1715,0.9127195316657797
2026-06-02,android,TRUE,2048,1876,0.916015625
2026-06-03,android,TRUE,1883,1726,0.9166224110462029
2026-06-04,android,TRUE,1822,1683,0.9237102085620198
2026-06-05,android,TRUE,2018,1855,0.9192269573835481
2026-06-06,android,TRUE,1906,1747,0.916579223504722
2026-06-07,android,TRUE,1945,1789,0.9197943444730077
2026-06-08,android,TRUE,1938,1776,0.9164086687306502
2026-06-09,android,TRUE,1998,1843,0.92242242242242245
2026-06-10,android,TRUE,1949,1798,0.9225243714725501
2026-06-11,android,TRUE,1981,1820,0.9187279151943463
2026-06-12,android,TRUE,1995,1838,0.9213032581453634
2026-06-13,android,TRUE,1959,1783,0.9101582440020418
2026-06-14,android,TRUE,1911,1753,0.9173207744636316
2026-06-15,android,TRUE,1901,1753,0.9221462388216728
2026-06-16,android,TRUE,1925,1784,0.9267532467532468
2026-06-17,android,TRUE,1945,1786,0.9182519280205655
2026-06-18,android,TRUE,1995,1837,0.9208020050125313
2026-06-19,android,TRUE,1956,1769,0.90439672801636
2026-06-20,android,TRUE,1967,1797,0.9135739705134723
2026-06-21,android,TRUE,1946,1786,0.9177800616649537
2026-06-22,android,TRUE,1995,1845,0.924812030075188
2026-06-23,android,TRUE,1953,1800,0.9216589861751152
2026-06-24,android,TRUE,1946,1800,0.9249743062692704
2026-06-25,android,TRUE,1975,1809,0.9159493670886076
2026-06-26,android,TRUE,1966,1800,0.9155645981688708
2026-06-27,android,TRUE,1931,1767,0.9150699119627136
2026-06-28,android,TRUE,1974,1792,0.9078014184397163
2026-06-29,android,TRUE,1899,1736,0.9141653501843076
2026-06-30,android,TRUE,1987,1836,0.9240060392551586
2026-07-01,android,TRUE,2025,1885,0.9308641975308642
2026-07-02,android,TRUE,1961,1807,0.9214686384497706
2026-07-03,android,TRUE,1931,1778,0.9207664422578975
2026-07-04,android,TRUE,1874,1704,0.9092849519743863
2026-07-05,android,TRUE,1908,1756,0.9203354297693921
2026-07-06,android,TRUE,2025,1871,0.9239506172839507
2026-07-07,android,TRUE,1930,1789,0.9269430051813472
2026-07-08,android,TRUE,2066,1905,0.9220716360116167
2026-07-09,android,TRUE,1956,1788,0.9141104294478528
2026-07-10,android,TRUE,1999,1856,0.928464232116058
2026-07-11,android,TRUE,1848,1680,0.9090909090909091
2026-07-12,android,TRUE,1936,1764,0.9111570247933884
2026-07-13,android,TRUE,1990,1831,0.9201005025125628
2026-07-14,android,TRUE,1967,1784,0.9069649211997967
2026-07-15,android,TRUE,1932,1769,0.9156314699792961
2026-07-16,android,TRUE,1972,1815,0.9203853955375254
2026-07-17,android,TRUE,1966,1821,0.9262461851475077
2026-07-18,android,TRUE,2026,1865,0.920533070088845
2026-07-19,android,TRUE,1940,1769,0.9118556701030928
2026-07-20,android,TRUE,1991,1818,0.9131089904570567
2026-07-21,android,TRUE,1969,1814,0.9212798374809548
2026-07-22,android,TRUE,1994,1817,0.9112337011033099
2026-07-23,android,TRUE,1932,1752,0.906832298136646
2026-07-24,android,TRUE,1870,1723,0.9213903743315508
2026-07-25,android,TRUE,1887,1715,0.9088500264970854
2026-07-26,android,TRUE,1974,1793,0.9083080040526849
2026-07-27,android,TRUE,1919,1765,0.9197498697238145
2026-07-28,android,TRUE,1992,1830,0.9186746987951807
2026-07-29,android,TRUE,1947,1792,0.9203903441191577
2026-07-30,android,TRUE,1944,1778,0.9146090534979424
2026-07-31,android,TRUE,1903,1738,0.9132947976878613
2025-12-01,android-tv,FALSE,1267,1214,0.9581689029202841
2025-12-02,android-tv,FALSE,1190,1149,0.965546218487395
2025-12-03,android-tv,FALSE,1252,1218,0.9728434504792333
2025-12-04,android-tv,FALSE,1202,1158,0.9633943427620633
2025-12-05,android-tv,FALSE,1219,1179,0.9671862182116489
2025-12-06,android-tv,FALSE,1164,1126,0.9673539518900344
2025-12-07,android-tv,FALSE,1145,1106,0.965938864628821
2025-12-08,android-tv,FALSE,1203,1163,0.9667497921862012
2025-12-09,android-tv,FALSE,1184,1150,0.9712837837837838
2025-12-10,android-tv,FALSE,1211,1169,0.9653179190751445
2025-12-11,android-tv,FALSE,1253,1213,0.9680766161213089
2025-12-12,android-tv,FALSE,1188,1154,0.9713804713804713
2025-12-13,android-tv,FALSE,1195,1155,0.9665271966527197
2025-12-14,android-tv,FALSE,1147,1102,0.960767218831735
2025-12-15,android-tv,FALSE,1245,1192,0.957429718875502
2025-12-16,android-tv,FALSE,1251,1208,0.9656274980015987
2025-12-17,android-tv,FALSE,1228,1189,0.9682410423452769
2025-12-18,android-tv,FALSE,1135,1095,0.9647577092511013
2025-12-19,android-tv,FALSE,1254,1224,0.9760765550239234
2025-12-20,android-tv,FALSE,1234,1189,0.9635332252836305
2025-12-21,android-tv,FALSE,1190,1146,0.9630252100840336
2025-12-22,android-tv,FALSE,1170,1132,0.9675213675213675
2025-12-23,android-tv,FALSE,1238,1189,0.9604200323101777
2025-12-24,android-tv,FALSE,1229,1191,0.9690805532953621
2025-12-25,android-tv,FALSE,1210,1172,0.968595041322314
2025-12-26,android-tv,FALSE,1207,1167,0.9668599834299917
2025-12-27,android-tv,FALSE,1170,1134,0.9692307692307692
2025-12-28,android-tv,FALSE,1225,1180,0.963265306122449
2025-12-29,android-tv,FALSE,1232,1197,0.9715909090909091
2025-12-30,android-tv,FALSE,1200,1157,0.9641666666666666
2025-12-31,android-tv,FALSE,1187,1148,0.9671440606571188
2026-01-01,android-tv,FALSE,1179,1144,0.9703138252756573
2026-01-02,android-tv,FALSE,1163,1121,0.9638865004299226
2026-01-03,android-tv,FALSE,1200,1159,0.9658333333333333
2026-01-04,android-tv,FALSE,1193,1149,0.9631181894383906
2026-01-05,android-tv,FALSE,1151,1108,0.9626411815812337
2026-01-06,android-tv,FALSE,1208,1161,0.9610927152317881
2026-01-07,android-tv,FALSE,1205,1165,0.966804979253112
2026-01-08,android-tv,FALSE,1166,1134,0.9725557461406518
2026-01-09,android-tv,FALSE,1251,1203,0.9616306954436451
2026-01-10,android-tv,FALSE,1223,1181,0.9656582174979559
2026-01-11,android-tv,FALSE,1213,1164,0.9596042868920033
2026-01-12,android-tv,FALSE,1193,1158,0.9706621961441744
2026-01-13,android-tv,FALSE,1219,1160,0.9515996718621821
2026-01-14,android-tv,FALSE,1197,1162,0.9707602339181286
2026-01-15,android-tv,FALSE,1194,1147,0.9606365159128978
2026-01-16,android-tv,FALSE,1163,1122,0.9647463456577816
2026-01-17,android-tv,FALSE,1110,1071,0.9648648648648649
2026-01-18,android-tv,FALSE,1218,1175,0.964696223316913
2026-01-19,android-tv,FALSE,1236,1206,0.9757281553398058
2026-01-20,android-tv,FALSE,1206,1164,0.9651741293532339
2026-01-21,android-tv,FALSE,1143,1089,0.952755905511811
2026-01-22,android-tv,FALSE,1223,1178,0.9632052330335241
2026-01-23,android-tv,FALSE,1219,1178,0.9663658736669402
2026-01-24,android-tv,FALSE,1180,1119,0.9483050847457627
2026-01-25,android-tv,FALSE,1140,1091,0.9570175438596491
2026-01-26,android-tv,FALSE,1209,1162,0.9611248966087675
2026-01-27,android-tv,FALSE,1171,1128,0.9632792485055508
2026-01-28,android-tv,FALSE,1233,1189,0.9643146796431468
2026-01-29,android-tv,FALSE,1215,1177,0.968724279835391
2026-01-30,android-tv,FALSE,1244,1207,0.9702572347266881
2026-01-31,android-tv,FALSE,1160,1110,0.9568965517241379
2026-02-01,android-tv,FALSE,1194,1136,0.9514237855946399
2026-02-02,android-tv,FALSE,1195,1146,0.9589958158995816
2026-02-03,android-tv,FALSE,1238,1188,0.9596122778675282
2026-02-04,android-tv,FALSE,1168,1126,0.964041095890411
2026-02-05,android-tv,FALSE,1220,1183,0.969672131147541
2026-02-06,android-tv,FALSE,1219,1166,0.9565217391304348
2026-02-07,android-tv,FALSE,1231,1190,0.966693744922827
2026-02-08,android-tv,FALSE,1292,1230,0.9520123839009288
2026-02-09,android-tv,FALSE,1193,1152,0.9656328583403185
2026-02-10,android-tv,FALSE,1171,1127,0.9624252775405636
2026-02-11,android-tv,FALSE,1219,1171,0.9606234618539786
2026-02-12,android-tv,FALSE,1197,1152,0.9624060150375939
2026-02-13,android-tv,FALSE,1210,1175,0.9710743801652892
2026-02-14,android-tv,FALSE,1196,1140,0.9531772575250836
2026-02-15,android-tv,FALSE,1145,1092,0.9537117903930131
2026-02-16,android-tv,FALSE,1201,1151,0.958368026644463
2026-02-17,android-tv,FALSE,1175,1133,0.9642553191489361
2026-02-18,android-tv,FALSE,1186,1144,0.9645868465430016
2026-02-19,android-tv,FALSE,1265,1225,0.9683794466403162
2026-02-20,android-tv,FALSE,1179,1128,0.9567430025445293
2026-02-21,android-tv,FALSE,1256,1202,0.9570063694267515
2026-02-22,android-tv,FALSE,1135,1099,0.9682819383259912
2026-02-23,android-tv,FALSE,1187,1147,0.966301600673968
2026-02-24,android-tv,FALSE,1204,1147,0.9526578073089701
2026-02-25,android-tv,FALSE,1247,1196,0.9591018444266239
2026-02-26,android-tv,FALSE,1219,1169,0.9589827727645611
2026-02-27,android-tv,FALSE,1204,1162,0.9651162790697675
2026-02-28,android-tv,FALSE,1231,1186,0.9634443541835905
2026-03-01,android-tv,FALSE,1137,1085,0.9542656112576957
2026-03-02,android-tv,FALSE,1182,1132,0.9576988155668359
2026-03-03,android-tv,FALSE,1246,1207,0.9686998394863563
2026-03-04,android-tv,FALSE,1226,1180,0.9624796084828712
2026-03-05,android-tv,FALSE,1206,1157,0.9593698175787728
2026-03-06,android-tv,FALSE,1239,1190,0.96045197740113
2026-03-07,android-tv,FALSE,1200,1163,0.9691666666666666
2026-03-08,android-tv,FALSE,1161,1120,0.9646856158484065
2026-03-09,android-tv,FALSE,1197,1150,0.960735171261487
2026-03-10,android-tv,FALSE,1212,1171,0.9661716171617162
2026-03-11,android-tv,FALSE,1186,1140,0.9612141652613828
2026-03-12,android-tv,FALSE,1143,1107,0.968503937007874
2026-03-13,android-tv,FALSE,1137,1105,0.9718557607739666
2026-03-14,android-tv,FALSE,1176,1133,0.9634353741496599
2026-03-15,android-tv,FALSE,1178,1146,0.9728353140916808
2026-03-16,android-tv,FALSE,1146,1117,0.974694589877836
2026-03-17,android-tv,FALSE,1211,1165,0.9620148637489678
2026-03-18,android-tv,FALSE,1150,1108,0.9634782608695652
2026-03-19,android-tv,FALSE,1230,1191,0.9682926829268292
2026-03-20,android-tv,FALSE,1199,1158,0.9658048373644704
2026-03-21,android-tv,FALSE,1177,1127,0.9575191163976211
2026-03-22,android-tv,FALSE,1281,1219,0.9516003122560499
2026-03-23,android-tv,FALSE,1255,1209,0.9633466135458167
2026-03-24,android-tv,FALSE,1244,1196,0.9614147909967846
2026-03-25,android-tv,FALSE,1227,1182,0.9633251833740831
2026-03-26,android-tv,FALSE,1215,1177,0.968724279835391
2026-03-27,android-tv,FALSE,1184,1152,0.972972972972973
2026-03-28,android-tv,FALSE,1152,1108,0.9618055555555556
2026-03-29,android-tv,FALSE,1159,1122,0.9680759275237274
2026-03-30,android-tv,FALSE,1118,1088,0.9731663685152058
2026-03-31,android-tv,FALSE,1225,1191,0.9722448979591837
2026-04-01,android-tv,FALSE,1169,1139,0.9743370402053037
2026-04-02,android-tv,FALSE,1146,1112,0.9703315881326352
2026-04-03,android-tv,FALSE,1140,1094,0.9596491228070175
2026-04-04,android-tv,FALSE,1217,1164,0.9564502875924404
2026-04-05,android-tv,FALSE,1127,1068,0.9476486246672582
2026-04-06,android-tv,FALSE,1220,1168,0.9573770491803278
2026-04-07,android-tv,FALSE,1241,1203,0.9693795326349718
2026-04-08,android-tv,FALSE,1265,1217,0.9620553359683794
2026-04-09,android-tv,FALSE,1139,1109,0.9736611062335382
2026-04-10,android-tv,FALSE,1220,1185,0.9713114754098361
2026-04-11,android-tv,FALSE,1200,1160,0.9666666666666667
2026-04-12,android-tv,FALSE,1209,1155,0.9553349875930521
2026-04-13,android-tv,FALSE,1175,1131,0.9625531914893617
2026-04-14,android-tv,FALSE,1223,1190,0.9730171708912511
2026-04-15,android-tv,FALSE,1196,1153,0.9640468227424749
2026-04-16,android-tv,FALSE,1171,1128,0.9632792485055508
2026-04-17,android-tv,FALSE,1192,1152,0.9664429530201343
2026-04-18,android-tv,FALSE,1215,1165,0.9588477366255144
2026-04-19,android-tv,FALSE,1246,1200,0.9630818619582665
2026-04-20,android-tv,FALSE,1154,1111,0.962738301559792
2026-04-21,android-tv,FALSE,1239,1196,0.9652945924132365
2026-04-22,android-tv,FALSE,1177,1136,0.9651656754460493
2026-04-23,android-tv,FALSE,1199,1151,0.9599666388657214
2026-04-24,android-tv,FALSE,1187,1153,0.9713563605728728
2026-04-25,android-tv,FALSE,1210,1159,0.9578512396694215
2026-04-26,android-tv,FALSE,1175,1134,0.9651063829787234
2026-04-27,android-tv,FALSE,1281,1236,0.9648711943793911
2026-04-28,android-tv,FALSE,1284,1240,0.9657320872274143
2026-04-29,android-tv,FALSE,1194,1145,0.958961474036851
2026-04-30,android-tv,FALSE,1147,1111,0.9686137750653879
2026-05-01,android-tv,FALSE,1217,1176,0.9663105998356615
2026-05-02,android-tv,FALSE,1162,1118,0.9621342512908778
2026-05-03,android-tv,FALSE,1191,1146,0.9622166246851386
2026-05-04,android-tv,FALSE,1203,1150,0.9559434746467166
2026-05-05,android-tv,FALSE,1331,1278,0.9601803155522164
2026-05-06,android-tv,FALSE,1161,1122,0.9664082687338501
2026-05-07,android-tv,FALSE,1171,1126,0.9615713065755764
2026-05-08,android-tv,FALSE,1212,1173,0.9678217821782178
2026-05-09,android-tv,FALSE,1169,1123,0.960650128314799
2026-05-10,android-tv,FALSE,1216,1170,0.962171052631579
2026-05-11,android-tv,FALSE,1258,1224,0.972972972972973
2026-05-12,android-tv,FALSE,1138,1093,0.960456942003515
2026-05-13,android-tv,FALSE,1234,1183,0.9586709886547812
2026-05-14,android-tv,FALSE,1255,1214,0.9673306772908367
2026-05-15,android-tv,FALSE,1152,1106,0.9600694444444444
2026-05-16,android-tv,FALSE,1243,1185,0.9533386967015286
2026-05-17,android-tv,FALSE,1181,1144,0.9686706181202371
2026-05-18,android-tv,FALSE,1112,1084,0.9748201438848921
2026-05-19,android-tv,FALSE,1234,1177,0.953808752025932
2026-05-20,android-tv,FALSE,1224,1174,0.9591503267973857
2026-05-21,android-tv,FALSE,1179,1142,0.9686174724342663
2026-05-22,android-tv,FALSE,1208,1158,0.9586092715231788
2026-05-23,android-tv,FALSE,1185,1127,0.9510548523206751
2026-05-24,android-tv,FALSE,1170,1133,0.9683760683760684
2026-05-25,android-tv,FALSE,1241,1198,0.9653505237711523
2026-05-26,android-tv,FALSE,1174,1127,0.9599659284497445
2026-05-27,android-tv,FALSE,1200,1155,0.9625
2026-05-28,android-tv,FALSE,1191,1141,0.9580184718723762
2026-05-29,android-tv,FALSE,1198,1152,0.9616026711185309
2026-05-30,android-tv,FALSE,1141,1089,0.9544259421560035
2026-05-31,android-tv,FALSE,1245,1188,0.9542168674698795
2026-06-01,android-tv,TRUE,1166,1130,0.9691252144082333
2026-06-02,android-tv,TRUE,1204,1161,0.9642857142857143
2026-06-03,android-tv,TRUE,1158,1117,0.9645941278065631
2026-06-04,android-tv,TRUE,1166,1110,0.9519725557461407
2026-06-05,android-tv,TRUE,1184,1133,0.9569256756756757
2026-06-06,android-tv,TRUE,1196,1149,0.9607023411371237
2026-06-07,android-tv,TRUE,1210,1153,0.952892561983471
2026-06-08,android-tv,TRUE,1244,1194,0.9598070739549839
2026-06-09,android-tv,TRUE,1220,1180,0.9672131147540983
2026-06-10,android-tv,TRUE,1189,1152,0.9688814129520605
2026-06-11,android-tv,TRUE,1187,1139,0.9595619208087616
2026-06-12,android-tv,TRUE,1217,1182,0.971240755957272
2026-06-13,android-tv,TRUE,1200,1147,0.9558333333333333
2026-06-14,android-tv,TRUE,1245,1189,0.9550200803212852
2026-06-15,android-tv,TRUE,1197,1151,0.9615705931495405
2026-06-16,android-tv,TRUE,1181,1135,0.9610499576629975
2026-06-17,android-tv,TRUE,1123,1067,0.95013357079252
2026-06-18,android-tv,TRUE,1251,1205,0.9632294164668266
2026-06-19,android-tv,TRUE,1177,1124,0.9549702633814783
2026-06-20,android-tv,TRUE,1161,1122,0.9664082687338501
2026-06-21,android-tv,TRUE,1193,1146,0.9606035205364627
2026-06-22,android-tv,TRUE,1174,1138,0.969335604770017
2026-06-23,android-tv,TRUE,1216,1159,0.953125
2026-06-24,android-tv,TRUE,1200,1163,0.9691666666666666
2026-06-25,android-tv,TRUE,1221,1175,0.9623259623259623
2026-06-26,android-tv,TRUE,1226,1178,0.9608482871125612
2026-06-27,android-tv,TRUE,1228,1176,0.9576547231270358
2026-06-28,android-tv,TRUE,1233,1186,0.9618815896188159
2026-06-29,android-tv,TRUE,1244,1206,0.9694533762057878
2026-06-30,android-tv,TRUE,1195,1156,0.9673640167364017
2026-07-01,android-tv,TRUE,1237,1185,0.957962813257882
2026-07-02,android-tv,TRUE,1191,1156,0.9706129303106633
2026-07-03,android-tv,TRUE,1167,1120,0.9597257926306769
2026-07-04,android-tv,TRUE,1231,1175,0.9545085296506904
2026-07-05,android-tv,TRUE,1165,1116,0.9579399141630901
2026-07-06,android-tv,TRUE,1166,1135,0.9734133790737565
2026-07-07,android-tv,TRUE,1183,1140,0.9636517328825022
2026-07-08,android-tv,TRUE,1156,1117,0.9662629757785467
2026-07-09,android-tv,TRUE,1219,1167,0.9573420836751435
2026-07-10,android-tv,TRUE,1270,1230,0.968503937007874
2026-07-11,android-tv,TRUE,1132,1092,0.9646643109540636
2026-07-12,android-tv,TRUE,1189,1132,0.9520605550883096
2026-07-13,android-tv,TRUE,1205,1161,0.9634854771784233
2026-07-14,android-tv,TRUE,1254,1203,0.9593301435406698
2026-07-15,android-tv,TRUE,1258,1210,0.9618441971383148
2026-07-16,android-tv,TRUE,1216,1169,0.9613486842105263
2026-07-17,android-tv,TRUE,1230,1190,0.967479674796748
2026-07-18,android-tv,TRUE,1194,1141,0.9556113902847572
2026-07-19,android-tv,TRUE,1149,1109,0.9651871192341166
2026-07-20,android-tv,TRUE,1173,1124,0.9582267689684569
2026-07-21,android-tv,TRUE,1186,1135,0.9569983136593592
2026-07-22,android-tv,TRUE,1248,1193,0.9559294871794872
2026-07-23,android-tv,TRUE,1164,1115,0.9579037800687286
2026-07-24,android-tv,TRUE,1147,1105,0.963382737576286
2026-07-25,android-tv,TRUE,1171,1116,0.9530315969257045
2026-07-26,android-tv,TRUE,1258,1214,0.9650238473767886
2026-07-27,android-tv,TRUE,1222,1179,0.9648117839607201
2026-07-28,android-tv,TRUE,1141,1094,0.9588080631025416
2026-07-29,android-tv,TRUE,1252,1205,0.9624600638977636
2026-07-30,android-tv,TRUE,1218,1159,0.951559934318555
2026-07-31,android-tv,TRUE,1218,1164,0.9556650246305419
2025-12-01,game-console,FALSE,447,427,0.9552572706935123
2025-12-02,game-console,FALSE,463,439,0.9481641468682506
2025-12-03,game-console,FALSE,437,417,0.954233409610984
2025-12-04,game-console,FALSE,492,470,0.9552845528455285
2025-12-05,game-console,FALSE,454,434,0.9559471365638766
2025-12-06,game-console,FALSE,453,426,0.9403973509933775
2025-12-07,game-console,FALSE,457,435,0.9518599562363238
2025-12-08,game-console,FALSE,441,416,0.9433106575963719
2025-12-09,game-console,FALSE,441,404,0.9160997732426304
2025-12-10,game-console,FALSE,441,413,0.9365079365079365
2025-12-11,game-console,FALSE,405,392,0.9679012345679012
2025-12-12,game-console,FALSE,444,419,0.9436936936936937
2025-12-13,game-console,FALSE,461,439,0.9522776572668112
2025-12-14,game-console,FALSE,450,429,0.9533333333333334
2025-12-15,game-console,FALSE,438,418,0.954337899543379
2025-12-16,game-console,FALSE,487,455,0.9342915811088296
2025-12-17,game-console,FALSE,464,435,0.9375
2025-12-18,game-console,FALSE,426,407,0.9553990610328639
2025-12-19,game-console,FALSE,477,456,0.9559748427672956
2025-12-20,game-console,FALSE,430,404,0.9395348837209302
2025-12-21,game-console,FALSE,478,448,0.9372384937238494
2025-12-22,game-console,FALSE,423,406,0.9598108747044918
2025-12-23,game-console,FALSE,462,440,0.9523809523809523
2025-12-24,game-console,FALSE,444,423,0.9527027027027027
2025-12-25,game-console,FALSE,416,394,0.9471153846153846
2025-12-26,game-console,FALSE,443,422,0.9525959367945824
2025-12-27,game-console,FALSE,459,435,0.9477124183006536
2025-12-28,game-console,FALSE,429,407,0.9487179487179487
2025-12-29,game-console,FALSE,481,460,0.9563409563409564
2025-12-30,game-console,FALSE,455,427,0.9384615384615385
2025-12-31,game-console,FALSE,463,439,0.9481641468682506
2026-01-01,game-console,FALSE,436,417,0.9564220183486238
2026-01-02,game-console,FALSE,449,424,0.9443207126948775
2026-01-03,game-console,FALSE,416,397,0.9543269230769231
2026-01-04,game-console,FALSE,448,419,0.9352678571428571
2026-01-05,game-console,FALSE,450,414,0.92
2026-01-06,game-console,FALSE,449,425,0.9465478841870824
2026-01-07,game-console,FALSE,406,393,0.9679802955665024
2026-01-08,game-console,FALSE,432,408,0.9444444444444444
2026-01-09,game-console,FALSE,464,446,0.9612068965517241
2026-01-10,game-console,FALSE,450,430,0.9555555555555556
2026-01-11,game-console,FALSE,446,426,0.9551569506726457
2026-01-12,game-console,FALSE,450,428,0.9511111111111111
2026-01-13,game-console,FALSE,460,439,0.9543478260869566
2026-01-14,game-console,FALSE,426,402,0.9436619718309859
2026-01-15,game-console,FALSE,446,417,0.9349775784753364
2026-01-16,game-console,FALSE,470,449,0.9553191489361702
2026-01-17,game-console,FALSE,432,411,0.9513888888888888
2026-01-18,game-console,FALSE,419,393,0.9379474940334129
2026-01-19,game-console,FALSE,443,419,0.945823927765237
2026-01-20,game-console,FALSE,449,435,0.9688195991091314
2026-01-21,game-console,FALSE,455,425,0.9340659340659341
2026-01-22,game-console,FALSE,478,447,0.9351464435146444
2026-01-23,game-console,FALSE,437,410,0.9382151029748284
2026-01-24,game-console,FALSE,475,449,0.9452631578947368
2026-01-25,game-console,FALSE,438,408,0.9315068493150684
2026-01-26,game-console,FALSE,434,416,0.9585253456221198
2026-01-27,game-console,FALSE,419,390,0.9307875894988067
2026-01-28,game-console,FALSE,444,418,0.9414414414414415
2026-01-29,game-console,FALSE,454,440,0.9691629955947136
2026-01-30,game-console,FALSE,428,406,0.9485981308411215
2026-01-31,game-console,FALSE,478,455,0.9518828451882845
2026-02-01,game-console,FALSE,411,390,0.948905109489051
2026-02-02,game-console,FALSE,453,423,0.9337748344370861
2026-02-03,game-console,FALSE,427,400,0.936768149882904
2026-02-04,game-console,FALSE,425,408,0.96
2026-02-05,game-console,FALSE,470,451,0.9595744680851064
2026-02-06,game-console,FALSE,483,462,0.9565217391304348
2026-02-07,game-console,FALSE,427,396,0.927400468384075
2026-02-08,game-console,FALSE,457,427,0.9343544857768052
2026-02-09,game-console,FALSE,436,413,0.9472477064220184
2026-02-10,game-console,FALSE,433,408,0.9422632794457275
2026-02-11,game-console,FALSE,451,420,0.9312638580931264
2026-02-12,game-console,FALSE,435,411,0.9448275862068966
2026-02-13,game-console,FALSE,462,435,0.9415584415584416
2026-02-14,game-console,FALSE,463,445,0.9611231101511879
2026-02-15,game-console,FALSE,443,429,0.9683972911963883
2026-02-16,game-console,FALSE,458,436,0.9519650655021834
2026-02-17,game-console,FALSE,443,419,0.945823927765237
2026-02-18,game-console,FALSE,449,423,0.9420935412026726
2026-02-19,game-console,FALSE,426,413,0.9694835680751174
2026-02-20,game-console,FALSE,444,428,0.963963963963964
2026-02-21,game-console,FALSE,441,416,0.9433106575963719
2026-02-22,game-console,FALSE,443,426,0.9616252821670429
2026-02-23,game-console,FALSE,483,455,0.9420289855072463
2026-02-24,game-console,FALSE,477,450,0.9433962264150944
2026-02-25,game-console,FALSE,444,419,0.9436936936936937
2026-02-26,game-console,FALSE,450,424,0.9422222222222222
2026-02-27,game-console,FALSE,468,448,0.9572649572649573
2026-02-28,game-console,FALSE,470,438,0.9319148936170213
2026-03-01,game-console,FALSE,443,413,0.9322799097065463
2026-03-02,game-console,FALSE,452,428,0.9469026548672567
2026-03-03,game-console,FALSE,473,453,0.9577167019027484
2026-03-04,game-console,FALSE,460,433,0.941304347826087
2026-03-05,game-console,FALSE,433,407,0.9399538106235565
2026-03-06,game-console,FALSE,436,413,0.9472477064220184
2026-03-07,game-console,FALSE,429,413,0.9627039627039627
2026-03-08,game-console,FALSE,434,407,0.9377880184331797
2026-03-09,game-console,FALSE,468,440,0.9401709401709402
2026-03-10,game-console,FALSE,460,441,0.9586956521739131
2026-03-11,game-console,FALSE,442,411,0.9298642533936652
2026-03-12,game-console,FALSE,447,432,0.9664429530201343
2026-03-13,game-console,FALSE,427,412,0.9648711943793911
2026-03-14,game-console,FALSE,471,454,0.9639065817409767
2026-03-15,game-console,FALSE,426,405,0.9507042253521126
2026-03-16,game-console,FALSE,469,448,0.9552238805970149
2026-03-17,game-console,FALSE,445,417,0.9370786516853933
2026-03-18,game-console,FALSE,445,418,0.9393258426966292
2026-03-19,game-console,FALSE,402,376,0.9353233830845771
2026-03-20,game-console,FALSE,444,421,0.9481981981981982
2026-03-21,game-console,FALSE,464,438,0.9439655172413793
2026-03-22,game-console,FALSE,429,402,0.9370629370629371
2026-03-23,game-console,FALSE,429,410,0.9557109557109557
2026-03-24,game-console,FALSE,432,406,0.9398148148148148
2026-03-25,game-console,FALSE,475,449,0.9452631578947368
2026-03-26,game-console,FALSE,448,423,0.9441964285714286
2026-03-27,game-console,FALSE,474,450,0.9493670886075949
2026-03-28,game-console,FALSE,451,434,0.9623059866962306
2026-03-29,game-console,FALSE,443,418,0.9435665914221218
2026-03-30,game-console,FALSE,422,401,0.9502369668246445
2026-03-31,game-console,FALSE,458,437,0.9541484716157205
2026-04-01,game-console,FALSE,471,455,0.9660297239915074
2026-04-02,game-console,FALSE,443,414,0.9345372460496614
2026-04-03,game-console,FALSE,435,413,0.9494252873563218
2026-04-04,game-console,FALSE,472,457,0.9682203389830508
2026-04-05,game-console,FALSE,491,462,0.9409368635437881
2026-04-06,game-console,FALSE,470,439,0.9340425531914893
2026-04-07,game-console,FALSE,472,438,0.9279661016949152
2026-04-08,game-console,FALSE,487,454,0.9322381930184805
2026-04-09,game-console,FALSE,437,415,0.9496567505720824
2026-04-10,game-console,FALSE,477,451,0.9454926624737946
2026-04-11,game-console,FALSE,452,426,0.9424778761061947
2026-04-12,game-console,FALSE,426,401,0.9413145539906104
2026-04-13,game-console,FALSE,392,366,0.9336734693877551
2026-04-14,game-console,FALSE,469,445,0.9488272921108742
2026-04-15,game-console,FALSE,480,457,0.9520833333333333
2026-04-16,game-console,FALSE,448,423,0.9441964285714286
2026-04-17,game-console,FALSE,429,418,0.9743589743589743
2026-04-18,game-console,FALSE,435,410,0.9425287356321839
2026-04-19,game-console,FALSE,441,409,0.927437641723356
2026-04-20,game-console,FALSE,464,438,0.9439655172413793
2026-04-21,game-console,FALSE,465,438,0.9419354838709677
2026-04-22,game-console,FALSE,413,395,0.9564164648910412
2026-04-23,game-console,FALSE,458,430,0.9388646288209607
2026-04-24,game-console,FALSE,468,443,0.9465811965811965
2026-04-25,game-console,FALSE,421,396,0.9406175771971497
2026-04-26,game-console,FALSE,469,441,0.9402985074626866
2026-04-27,game-console,FALSE,495,466,0.9414141414141414
2026-04-28,game-console,FALSE,426,395,0.9272300469483568
2026-04-29,game-console,FALSE,448,419,0.9352678571428571
2026-04-30,game-console,FALSE,479,445,0.9290187891440501
2026-05-01,game-console,FALSE,453,433,0.9558498896247241
2026-05-02,game-console,FALSE,467,439,0.9400428265524625
2026-05-03,game-console,FALSE,445,417,0.9370786516853933
2026-05-04,game-console,FALSE,468,439,0.938034188034188
2026-05-05,game-console,FALSE,427,407,0.9531615925058547
2026-05-06,game-console,FALSE,394,365,0.9263959390862944
2026-05-07,game-console,FALSE,419,396,0.9451073985680191
2026-05-08,game-console,FALSE,411,381,0.927007299270073
2026-05-09,game-console,FALSE,430,403,0.9372093023255814
2026-05-10,game-console,FALSE,437,415,0.9496567505720824
2026-05-11,game-console,FALSE,460,436,0.9478260869565217
2026-05-12,game-console,FALSE,461,437,0.9479392624728851
2026-05-13,game-console,FALSE,475,455,0.9578947368421052
2026-05-14,game-console,FALSE,440,418,0.95
2026-05-15,game-console,FALSE,457,425,0.9299781181619255
2026-05-16,game-console,FALSE,465,430,0.9247311827956989
2026-05-17,game-console,FALSE,464,447,0.9633620689655172
2026-05-18,game-console,FALSE,398,374,0.9396984924623115
2026-05-19,game-console,FALSE,467,433,0.9271948608137045
2026-05-20,game-console,FALSE,440,416,0.9454545454545454
2026-05-21,game-console,FALSE,413,389,0.9418886198547215
2026-05-22,game-console,FALSE,421,396,0.9406175771971497
2026-05-23,game-console,FALSE,446,421,0.9439461883408071
2026-05-24,game-console,FALSE,443,418,0.9435665914221218
2026-05-25,game-console,FALSE,451,427,0.9467849223946785
2026-05-26,game-console,FALSE,453,426,0.9403973509933775
2026-05-27,game-console,FALSE,453,420,0.9271523178807947
2026-05-28,game-console,FALSE,423,407,0.9621749408983451
2026-05-29,game-console,FALSE,462,431,0.9329004329004329
2026-05-30,game-console,FALSE,456,433,0.9495614035087719
2026-05-31,game-console,FALSE,436,409,0.9380733944954128
2026-06-01,game-console,TRUE,488,460,0.9426229508196722
2026-06-02,game-console,TRUE,471,448,0.9511677282377919
2026-06-03,game-console,TRUE,438,416,0.9497716894977168
2026-06-04,game-console,TRUE,436,410,0.9403669724770642
2026-06-05,game-console,TRUE,497,469,0.9436619718309859
2026-06-06,game-console,TRUE,456,435,0.9539473684210527
2026-06-07,game-console,TRUE,427,407,0.9531615925058547
2026-06-08,game-console,TRUE,425,405,0.9529411764705882
2026-06-09,game-console,TRUE,406,389,0.958128078817734
2026-06-10,game-console,TRUE,473,439,0.9281183932346723
2026-06-11,game-console,TRUE,482,454,0.941908713692946
2026-06-12,game-console,TRUE,490,460,0.9387755102040817
2026-06-13,game-console,TRUE,454,427,0.9405286343612335
2026-06-14,game-console,TRUE,432,409,0.9467592592592593
2026-06-15,game-console,TRUE,408,397,0.9730392156862745
2026-06-16,game-console,TRUE,416,394,0.9471153846153846
2026-06-17,game-console,TRUE,463,438,0.9460043196544277
2026-06-18,game-console,TRUE,428,406,0.9485981308411215
2026-06-19,game-console,TRUE,457,428,0.936542669584245
2026-06-20,game-console,TRUE,437,412,0.9427917620137299
2026-06-21,game-console,TRUE,433,409,0.9445727482678984
2026-06-22,game-console,TRUE,480,461,0.9604166666666667
2026-06-23,game-console,TRUE,420,398,0.9476190476190476
2026-06-24,game-console,TRUE,466,438,0.9399141630901288
2026-06-25,game-console,TRUE,470,431,0.9170212765957447
2026-06-26,game-console,TRUE,433,418,0.9653579676674365
2026-06-27,game-console,TRUE,488,462,0.9467213114754098
2026-06-28,game-console,TRUE,468,443,0.9465811965811965
2026-06-29,game-console,TRUE,416,398,0.9567307692307693
2026-06-30,game-console,TRUE,413,392,0.9491525423728814
2026-07-01,game-console,TRUE,450,424,0.9422222222222222
2026-07-02,game-console,TRUE,408,381,0.9338235294117647
2026-07-03,game-console,TRUE,457,438,0.9584245076586433
2026-07-04,game-console,TRUE,436,409,0.9380733944954128
2026-07-05,game-console,TRUE,476,448,0.9411764705882353
2026-07-06,game-console,TRUE,444,431,0.9707207207207207
2026-07-07,game-console,TRUE,453,433,0.9558498896247241
2026-07-08,game-console,TRUE,469,441,0.9402985074626866
2026-07-09,game-console,TRUE,456,431,0.9451754385964912
2026-07-10,game-console,TRUE,442,417,0.9434389140271493
2026-07-11,game-console,TRUE,449,424,0.9443207126948775
2026-07-12,game-console,TRUE,450,416,0.9244444444444444
2026-07-13,game-console,TRUE,454,427,0.9405286343612335
2026-07-14,game-console,TRUE,458,430,0.9388646288209607
2026-07-15,game-console,TRUE,444,424,0.954954954954955
2026-07-16,game-console,TRUE,429,399,0.9300699300699301
2026-07-17,game-console,TRUE,420,396,0.9428571428571428
2026-07-18,game-console,TRUE,455,434,0.9538461538461539
2026-07-19,game-console,TRUE,454,437,0.9625550660792952
2026-07-20,game-console,TRUE,444,426,0.9594594594594594
2026-07-21,game-console,TRUE,424,399,0.9410377358490566
2026-07-22,game-console,TRUE,464,440,0.9482758620689655
2026-07-23,game-console,TRUE,449,421,0.9376391982182628
2026-07-24,game-console,TRUE,430,407,0.9465116279069767
2026-07-25,game-console,TRUE,449,419,0.933184855233853
2026-07-26,game-console,TRUE,430,398,0.9255813953488372
2026-07-27,game-console,TRUE,417,395,0.947242206235012
2026-07-28,game-console,TRUE,451,435,0.9645232815964523
2026-07-29,game-console,TRUE,449,428,0.9532293986636972
2026-07-30,game-console,TRUE,488,460,0.9426229508196722
2026-07-31,game-console,TRUE,442,425,0.9615384615384616
2025-12-01,ios,FALSE,4091,3815,0.9325348325592765
2025-12-02,ios,FALSE,4065,3813,0.9380073800738007
2025-12-03,ios,FALSE,4095,3838,0.9372405372405372
2025-12-04,ios,FALSE,3990,3696,0.9263157894736842
2025-12-05,ios,FALSE,4107,3874,0.9432675919162405
2025-12-06,ios,FALSE,4063,3796,0.93428501107556
2025-12-07,ios,FALSE,4061,3778,0.9303127308544693
2025-12-08,ios,FALSE,4039,3801,0.9410745233968805
2025-12-09,ios,FALSE,4008,3732,0.9311377245508982
2025-12-10,ios,FALSE,4107,3845,0.9362064767470173
2025-12-11,ios,FALSE,4035,3769,0.9340768277571252
2025-12-12,ios,FALSE,4173,3855,0.9237958303378864
2025-12-13,ios,FALSE,4096,3846,0.93896484375
2025-12-14,ios,FALSE,4197,3907,0.9309030259709317
2025-12-15,ios,FALSE,4072,3777,0.9275540275049116
2025-12-16,ios,FALSE,3977,3708,0.9323610761880815
2025-12-17,ios,FALSE,3993,3736,0.9356373653894315
2025-12-18,ios,FALSE,3985,3725,0.9347553324968633
2025-12-19,ios,FALSE,4124,3879,0.9405916585838991
2025-12-20,ios,FALSE,4179,3876,0.927494615936827
2025-12-21,ios,FALSE,4081,3799,0.9308992893898554
2025-12-22,ios,FALSE,3934,3669,0.9326385358413828
2025-12-23,ios,FALSE,4039,3775,0.9346372864570438
2025-12-24,ios,FALSE,4037,3776,0.9353480307158781
2025-12-25,ios,FALSE,4188,3923,0.9367239732569246
2025-12-26,ios,FALSE,4053,3772,0.9306686405132001
2025-12-27,ios,FALSE,3963,3706,0.9351501387837496
2025-12-28,ios,FALSE,4006,3724,0.9296055916125812
2025-12-29,ios,FALSE,4047,3780,0.9340252038547072
2025-12-30,ios,FALSE,4025,3753,0.9324223602484472
2025-12-31,ios,FALSE,4064,3800,0.9350393700787402
2026-01-01,ios,FALSE,3990,3735,0.9360902255639098
2026-01-02,ios,FALSE,4031,3807,0.9444306623666584
2026-01-03,ios,FALSE,4193,3882,0.9258287622227522
2026-01-04,ios,FALSE,4018,3759,0.9355400696864111
2026-01-05,ios,FALSE,4040,3792,0.9386138613861386
2026-01-06,ios,FALSE,4042,3773,0.9334487877288471
2026-01-07,ios,FALSE,4017,3754,0.9345282549166044
2026-01-08,ios,FALSE,4041,3792,0.9383815887156645
2026-01-09,ios,FALSE,4036,3724,0.9226957383548068
2026-01-10,ios,FALSE,4076,3777,0.9266437684003925
2026-01-11,ios,FALSE,4020,3717,0.9246268656716418
2026-01-12,ios,FALSE,3960,3703,0.9351010101010101
2026-01-13,ios,FALSE,4048,3778,0.933300395256917
2026-01-14,ios,FALSE,3889,3638,0.935458986886089
2026-01-15,ios,FALSE,4094,3830,0.9355153883732291
2026-01-16,ios,FALSE,4106,3858,0.9396005845104725
2026-01-17,ios,FALSE,4035,3763,0.9325898389095415
2026-01-18,ios,FALSE,3910,3652,0.9340153452685422
2026-01-19,ios,FALSE,3960,3723,0.9401515151515152
2026-01-20,ios,FALSE,4079,3816,0.9355234126011277
2026-01-21,ios,FALSE,4105,3824,0.9315468940316687
2026-01-22,ios,FALSE,3989,3753,0.9408373025821007
2026-01-23,ios,FALSE,4136,3881,0.9383462282398453
2026-01-24,ios,FALSE,4002,3728,0.9315342328835582
2026-01-25,ios,FALSE,4074,3756,0.9219440353460973
2026-01-26,ios,FALSE,4082,3825,0.9370406663400294
2026-01-27,ios,FALSE,4179,3896,0.9322804498683895
2026-01-28,ios,FALSE,4054,3792,0.9353724716329551
2026-01-29,ios,FALSE,4079,3799,0.9313557244422652
2026-01-30,ios,FALSE,4054,3809,0.9395658608781451
2026-01-31,ios,FALSE,4019,3741,0.9308285643194825
2026-02-01,ios,FALSE,4009,3764,0.9388875031179845
2026-02-02,ios,FALSE,4058,3769,0.928782651552489
2026-02-03,ios,FALSE,3998,3748,0.9374687343671836
2026-02-04,ios,FALSE,4043,3806,0.941380163245115
2026-02-05,ios,FALSE,4093,3811,0.9311018812606889
2026-02-06,ios,FALSE,4019,3772,0.9385419258522021
2026-02-07,ios,FALSE,4018,3719,0.9255848680935789
2026-02-08,ios,FALSE,4116,3813,0.9263848396501457
2026-02-09,ios,FALSE,4057,3794,0.9351737737244269
2026-02-10,ios,FALSE,4030,3741,0.928287841191067
2026-02-11,ios,FALSE,4117,3837,0.9319893126062667
2026-02-12,ios,FALSE,4098,3811,0.9299658369936554
2026-02-13,ios,FALSE,4005,3719,0.9285892634207241
2026-02-14,ios,FALSE,4122,3830,0.9291606016496846
2026-02-15,ios,FALSE,4120,3815,0.9259708737864077
2026-02-16,ios,FALSE,3994,3687,0.9231347020530796
2026-02-17,ios,FALSE,3956,3704,0.9362992922143579
2026-02-18,ios,FALSE,3944,3672,0.9310344827586207
2026-02-19,ios,FALSE,4065,3795,0.933579335793358
2026-02-20,ios,FALSE,4033,3786,0.9387552690304984
2026-02-21,ios,FALSE,4113,3836,0.9326525650376853
2026-02-22,ios,FALSE,4015,3742,0.9320049813200498
2026-02-23,ios,FALSE,3902,3643,0.933623782675551
2026-02-24,ios,FALSE,3957,3689,0.9322719231741218
2026-02-25,ios,FALSE,4036,3758,0.9311199207135779
2026-02-26,ios,FALSE,4012,3748,0.93419740777667
2026-02-27,ios,FALSE,4012,3766,0.9386839481555334
2026-02-28,ios,FALSE,4179,3868,0.925580282364202
2026-03-01,ios,FALSE,4029,3704,0.9193348225366096
2026-03-02,ios,FALSE,3953,3676,0.9299266379964584
2026-03-03,ios,FALSE,4098,3856,0.9409468033186921
2026-03-04,ios,FALSE,4068,3788,0.9311701081612586
2026-03-05,ios,FALSE,3970,3692,0.9299748110831234
2026-03-06,ios,FALSE,4009,3756,0.9368919930157147
2026-03-07,ios,FALSE,3966,3679,0.9276348966212808
2026-03-08,ios,FALSE,4010,3728,0.9296758104738154
2026-03-09,ios,FALSE,4024,3763,0.9351391650099403
2026-03-10,ios,FALSE,4064,3783,0.9308562992125984
2026-03-11,ios,FALSE,4056,3732,0.9201183431952663
2026-03-12,ios,FALSE,3903,3657,0.9369715603382014
2026-03-13,ios,FALSE,4035,3758,0.9313506815365551
2026-03-14,ios,FALSE,3946,3620,0.9173846933603649
2026-03-15,ios,FALSE,4049,3747,0.9254136823907138
2026-03-16,ios,FALSE,4079,3799,0.9313557244422652
2026-03-17,ios,FALSE,4067,3759,0.9242685025817556
2026-03-18,ios,FALSE,3987,3739,0.9377978429897166
2026-03-19,ios,FALSE,4063,3794,0.9337927639675117
2026-03-20,ios,FALSE,4055,3811,0.9398273736128236
2026-03-21,ios,FALSE,4074,3770,0.9253804614629357
2026-03-22,ios,FALSE,3934,3659,0.9300965937976614
2026-03-23,ios,FALSE,4080,3807,0.9330882352941177
2026-03-24,ios,FALSE,4059,3787,0.9329884207932988
2026-03-25,ios,FALSE,4052,3767,0.9296643632773939
2026-03-26,ios,FALSE,4064,3792,0.9330708661417323
2026-03-27,ios,FALSE,3985,3734,0.9370138017565872
2026-03-28,ios,FALSE,4015,3719,0.9262764632627646
2026-03-29,ios,FALSE,4034,3742,0.9276152702032722
2026-03-30,ios,FALSE,4108,3811,0.9277020447906524
2026-03-31,ios,FALSE,3992,3726,0.9333667334669339
2026-04-01,ios,FALSE,4024,3741,0.9296719681908548
2026-04-02,ios,FALSE,3999,3714,0.9287321830457614
2026-04-03,ios,FALSE,4122,3845,0.9327996118389131
2026-04-04,ios,FALSE,4000,3722,0.9305
2026-04-05,ios,FALSE,4096,3769,0.920166015625
2026-04-06,ios,FALSE,4098,3805,0.9285017081503172
2026-04-07,ios,FALSE,4100,3817,0.9309756097560976
2026-04-08,ios,FALSE,4028,3766,0.9349553128103277
2026-04-09,ios,FALSE,4060,3816,0.9399014778325123
2026-04-10,ios,FALSE,4104,3817,0.9300682261208577
2026-04-11,ios,FALSE,3997,3692,0.9236927695771829
2026-04-12,ios,FALSE,3969,3669,0.9244142101284959
2026-04-13,ios,FALSE,4159,3854,0.9266650637172397
2026-04-14,ios,FALSE,3988,3722,0.9332998996990973
2026-04-15,ios,FALSE,3992,3710,0.9293587174348698
2026-04-16,ios,FALSE,4085,3797,0.9294981640146879
2026-04-17,ios,FALSE,4046,3791,0.9369747899159664
2026-04-18,ios,FALSE,4162,3878,0.9317635752042287
2026-04-19,ios,FALSE,4012,3700,0.922233300099701
2026-04-20,ios,FALSE,4064,3764,0.9261811023622047
2026-04-21,ios,FALSE,4051,3797,0.9372994322389533
2026-04-22,ios,FALSE,4010,3723,0.928428927680798
2026-04-23,ios,FALSE,4059,3761,0.9265829021926583
2026-04-24,ios,FALSE,4013,3748,0.933964615001246
2026-04-25,ios,FALSE,4060,3761,0.9263546798029557
2026-04-26,ios,FALSE,4163,3858,0.9267355272639923
2026-04-27,ios,FALSE,4095,3804,0.928937728937729
2026-04-28,ios,FALSE,4028,3760,0.9334657398212513
2026-04-29,ios,FALSE,3928,3650,0.9292260692464358
2026-04-30,ios,FALSE,3916,3647,0.9313074565883555
2026-05-01,ios,FALSE,4128,3841,0.9304748062015504
2026-05-02,ios,FALSE,3976,3679,0.9253018108651911
2026-05-03,ios,FALSE,4074,3717,0.9123711340206185
2026-05-04,ios,FALSE,4065,3793,0.9330873308733088
2026-05-05,ios,FALSE,3977,3682,0.925823485038974
2026-05-06,ios,FALSE,4040,3757,0.929950495049505
2026-05-07,ios,FALSE,4061,3793,0.9340064023639497
2026-05-08,ios,FALSE,4075,3811,0.9352147239263804
2026-05-09,ios,FALSE,3986,3722,0.9337681886603111
2026-05-10,ios,FALSE,4081,3734,0.914971820632198
2026-05-11,ios,FALSE,3998,3707,0.9272136068034017
2026-05-12,ios,FALSE,4054,3766,0.9289590527873705
2026-05-13,ios,FALSE,4094,3805,0.929408891060088
2026-05-14,ios,FALSE,4071,3757,0.9228690739376074
2026-05-15,ios,FALSE,4084,3781,0.9258080313418218
2026-05-16,ios,FALSE,3960,3660,0.9242424242424242
2026-05-17,ios,FALSE,3989,3679,0.9222862872900476
2026-05-18,ios,FALSE,4020,3741,0.9305970149253732
2026-05-19,ios,FALSE,4001,3730,0.9322669332666833
2026-05-20,ios,FALSE,4043,3759,0.9297551323274796
2026-05-21,ios,FALSE,4025,3734,0.9277018633540373
2026-05-22,ios,FALSE,4014,3737,0.9309915296462382
2026-05-23,ios,FALSE,4095,3800,0.927960927960928
2026-05-24,ios,FALSE,4094,3777,0.9225696140693698
2026-05-25,ios,FALSE,4001,3722,0.9302674331417146
2026-05-26,ios,FALSE,4007,3722,0.9288744696780634
2026-05-27,ios,FALSE,4134,3820,0.9240445089501693
2026-05-28,ios,FALSE,4048,3779,0.9335474308300395
2026-05-29,ios,FALSE,3993,3705,0.9278737791134485
2026-05-30,ios,FALSE,3961,3680,0.9290583186064125
2026-05-31,ios,FALSE,4168,3823,0.9172264875239923
2026-06-01,ios,TRUE,4084,3831,0.938050930460333
2026-06-02,ios,TRUE,3986,3733,0.9365278474661315
2026-06-03,ios,TRUE,4136,3913,0.9460831721470019
2026-06-04,ios,TRUE,4006,3792,0.946580129805292
2026-06-05,ios,TRUE,4132,3906,0.9453049370764763
2026-06-06,ios,TRUE,3920,3662,0.9341836734693878
2026-06-07,ios,TRUE,4127,3887,0.9418463775139326
2026-06-08,ios,TRUE,4100,3847,0.9382926829268292
2026-06-09,ios,TRUE,4018,3787,0.9425087108013938
2026-06-10,ios,TRUE,4055,3799,0.9368680641183724
2026-06-11,ios,TRUE,4051,3819,0.9427301900765244
2026-06-12,ios,TRUE,4040,3815,0.9443069306930693
2026-06-13,ios,TRUE,3930,3677,0.9356234096692112
2026-06-14,ios,TRUE,4071,3818,0.9378531073446328
2026-06-15,ios,TRUE,4012,3776,0.9411764705882353
2026-06-16,ios,TRUE,4034,3813,0.9452156668319286
2026-06-17,ios,TRUE,4023,3805,0.945811583395476
2026-06-18,ios,TRUE,4041,3815,0.9440732491957436
2026-06-19,ios,TRUE,4040,3811,0.9433168316831683
2026-06-20,ios,TRUE,4004,3744,0.935064935064935
2026-06-21,ios,TRUE,4064,3805,0.93626968503937
2026-06-22,ios,TRUE,3943,3716,0.9424296221151408
2026-06-23,ios,TRUE,3845,3622,0.9420026007802341
2026-06-24,ios,TRUE,3966,3735,0.9417549167927383
2026-06-25,ios,TRUE,4024,3778,0.9388667992047713
2026-06-26,ios,TRUE,4025,3812,0.9470807453416149
2026-06-27,ios,TRUE,4026,3753,0.9321907600596125
2026-06-28,ios,TRUE,4160,3893,0.9358173076923076
2026-06-29,ios,TRUE,4126,3877,0.9396509936984974
2026-06-30,ios,TRUE,4091,3851,0.9413346370080665
2026-07-01,ios,TRUE,4103,3845,0.9371191810870095
2026-07-02,ios,TRUE,4111,3856,0.9379712965215277
2026-07-03,ios,TRUE,4122,3869,0.9386220281416788
2026-07-04,ios,TRUE,3991,3740,0.9371084941117515
2026-07-05,ios,TRUE,4041,3743,0.9262558772581044
2026-07-06,ios,TRUE,3913,3692,0.9435215946843853
2026-07-07,ios,TRUE,4030,3814,0.9464019851116625
2026-07-08,ios,TRUE,4075,3852,0.945276073619632
2026-07-09,ios,TRUE,4087,3864,0.9454367506728651
2026-07-10,ios,TRUE,4056,3828,0.9437869822485208
2026-07-11,ios,TRUE,4011,3749,0.9346796310147095
2026-07-12,ios,TRUE,4181,3916,0.9366180339631667
2026-07-13,ios,TRUE,4000,3739,0.93475
2026-07-14,ios,TRUE,4081,3844,0.9419259985297721
2026-07-15,ios,TRUE,4081,3853,0.9441313403577555
2026-07-16,ios,TRUE,4128,3882,0.940406976744186
2026-07-17,ios,TRUE,3980,3742,0.9402010050251256
2026-07-18,ios,TRUE,4030,3767,0.9347394540942928
2026-07-19,ios,TRUE,4023,3756,0.9336316181953765
2026-07-20,ios,TRUE,3945,3708,0.9399239543726235
2026-07-21,ios,TRUE,3988,3757,0.9420762286860582
2026-07-22,ios,TRUE,4172,3901,0.9350431447746884
2026-07-23,ios,TRUE,3931,3714,0.9447977613838718
2026-07-24,ios,TRUE,4098,3849,0.9392386530014641
2026-07-25,ios,TRUE,3903,3640,0.932615936459134
2026-07-26,ios,TRUE,4037,3781,0.936586574188754
2026-07-27,ios,TRUE,4021,3778,0.9395672718229297
2026-07-28,ios,TRUE,4139,3898,0.9417733752114037
2026-07-29,ios,TRUE,3948,3707,0.9389564336372846
2026-07-30,ios,TRUE,4083,3829,0.937790840068577
2026-07-31,ios,TRUE,4060,3789,0.9332512315270935
2025-12-01,mobile-web,FALSE,753,713,0.9468791500664011
2025-12-02,mobile-web,FALSE,733,691,0.9427012278308322
2025-12-03,mobile-web,FALSE,784,738,0.9413265306122449
2025-12-04,mobile-web,FALSE,742,693,0.9339622641509434
2025-12-05,mobile-web,FALSE,752,704,0.9361702127659575
2025-12-06,mobile-web,FALSE,789,745,0.944233206590621
2025-12-07,mobile-web,FALSE,740,693,0.9364864864864865
2025-12-08,mobile-web,FALSE,754,709,0.9403183023872679
2025-12-09,mobile-web,FALSE,748,693,0.9264705882352942
2025-12-10,mobile-web,FALSE,764,721,0.943717277486911
2025-12-11,mobile-web,FALSE,760,713,0.9381578947368421
2025-12-12,mobile-web,FALSE,730,702,0.9616438356164384
2025-12-13,mobile-web,FALSE,737,692,0.9389416553595658
2025-12-14,mobile-web,FALSE,748,704,0.9411764705882353
2025-12-15,mobile-web,FALSE,741,696,0.9392712550607287
2025-12-16,mobile-web,FALSE,745,700,0.9395973154362416
2025-12-17,mobile-web,FALSE,735,695,0.9455782312925171
2025-12-18,mobile-web,FALSE,748,707,0.9451871657754011
2025-12-19,mobile-web,FALSE,738,693,0.9390243902439024
2025-12-20,mobile-web,FALSE,763,716,0.9384010484927916
2025-12-21,mobile-web,FALSE,742,706,0.9514824797843666
2025-12-22,mobile-web,FALSE,738,702,0.9512195121951219
2025-12-23,mobile-web,FALSE,815,770,0.9447852760736196
2025-12-24,mobile-web,FALSE,709,669,0.9435825105782792
2025-12-25,mobile-web,FALSE,755,708,0.937748344370861
2025-12-26,mobile-web,FALSE,761,720,0.9461235216819974
2025-12-27,mobile-web,FALSE,730,681,0.9328767123287671
2025-12-28,mobile-web,FALSE,745,702,0.9422818791946309
2025-12-29,mobile-web,FALSE,788,736,0.934010152284264
2025-12-30,mobile-web,FALSE,737,704,0.9552238805970149
2025-12-31,mobile-web,FALSE,778,728,0.9357326478149101
2026-01-01,mobile-web,FALSE,811,765,0.9432799013563502
2026-01-02,mobile-web,FALSE,786,748,0.9516539440203562
2026-01-03,mobile-web,FALSE,726,689,0.9490358126721763
2026-01-04,mobile-web,FALSE,751,700,0.9320905459387483
2026-01-05,mobile-web,FALSE,796,747,0.9384422110552764
2026-01-06,mobile-web,FALSE,719,665,0.9248956884561892
2026-01-07,mobile-web,FALSE,714,682,0.9551820728291317
2026-01-08,mobile-web,FALSE,748,711,0.9505347593582888
2026-01-09,mobile-web,FALSE,739,694,0.939106901217862
2026-01-10,mobile-web,FALSE,730,691,0.9465753424657535
2026-01-11,mobile-web,FALSE,789,735,0.9315589353612167
2026-01-12,mobile-web,FALSE,754,719,0.9535809018567639
2026-01-13,mobile-web,FALSE,728,697,0.9574175824175825
2026-01-14,mobile-web,FALSE,726,683,0.940771349862259
2026-01-15,mobile-web,FALSE,733,699,0.9536152796725784
2026-01-16,mobile-web,FALSE,769,731,0.9505851755526658
2026-01-17,mobile-web,FALSE,796,742,0.9321608040201005
2026-01-18,mobile-web,FALSE,723,679,0.9391424619640387
2026-01-19,mobile-web,FALSE,721,682,0.9459084604715673
2026-01-20,mobile-web,FALSE,758,700,0.9234828496042217
2026-01-21,mobile-web,FALSE,767,721,0.940026075619296
2026-01-22,mobile-web,FALSE,751,715,0.952063914780293
2026-01-23,mobile-web,FALSE,746,700,0.938337801608579
2026-01-24,mobile-web,FALSE,745,695,0.9328859060402684
2026-01-25,mobile-web,FALSE,808,767,0.9492574257425742
2026-01-26,mobile-web,FALSE,807,776,0.9615861214374225
2026-01-27,mobile-web,FALSE,754,714,0.946949602122016
2026-01-28,mobile-web,FALSE,747,713,0.9544846050870147
2026-01-29,mobile-web,FALSE,732,695,0.9494535519125683
2026-01-30,mobile-web,FALSE,790,754,0.9544303797468354
2026-01-31,mobile-web,FALSE,761,710,0.9329829172141918
2026-02-01,mobile-web,FALSE,780,745,0.9551282051282052
2026-02-02,mobile-web,FALSE,749,715,0.9546061415220294
2026-02-03,mobile-web,FALSE,763,721,0.944954128440367
2026-02-04,mobile-web,FALSE,782,745,0.9526854219948849
2026-02-05,mobile-web,FALSE,849,798,0.9399293286219081
2026-02-06,mobile-web,FALSE,748,714,0.9545454545454546
2026-02-07,mobile-web,FALSE,731,676,0.9247606019151847
2026-02-08,mobile-web,FALSE,768,712,0.9270833333333334
2026-02-09,mobile-web,FALSE,734,696,0.9482288828337875
2026-02-10,mobile-web,FALSE,759,713,0.9393939393939394
2026-02-11,mobile-web,FALSE,786,737,0.9376590330788804
2026-02-12,mobile-web,FALSE,723,683,0.9446749654218534
2026-02-13,mobile-web,FALSE,751,718,0.9560585885486018
2026-02-14,mobile-web,FALSE,721,672,0.9320388349514563
2026-02-15,mobile-web,FALSE,724,680,0.9392265193370166
2026-02-16,mobile-web,FALSE,714,673,0.9425770308123249
2026-02-17,mobile-web,FALSE,766,721,0.9412532637075718
2026-02-18,mobile-web,FALSE,735,702,0.9551020408163265
2026-02-19,mobile-web,FALSE,699,665,0.9513590844062947
2026-02-20,mobile-web,FALSE,755,710,0.9403973509933775
2026-02-21,mobile-web,FALSE,749,700,0.9345794392523364
2026-02-22,mobile-web,FALSE,741,688,0.9284750337381916
2026-02-23,mobile-web,FALSE,731,705,0.9644322845417237
2026-02-24,mobile-web,FALSE,713,675,0.9467040673211781
2026-02-25,mobile-web,FALSE,776,730,0.9407216494845361
2026-02-26,mobile-web,FALSE,725,683,0.9420689655172414
2026-02-27,mobile-web,FALSE,748,707,0.9451871657754011
2026-02-28,mobile-web,FALSE,713,670,0.9396914446002805
2026-03-01,mobile-web,FALSE,726,676,0.931129476584022
2026-03-02,mobile-web,FALSE,780,743,0.9525641025641025
2026-03-03,mobile-web,FALSE,727,688,0.9463548830811555
2026-03-04,mobile-web,FALSE,692,653,0.9436416184971098
2026-03-05,mobile-web,FALSE,734,698,0.9509536784741145
2026-03-06,mobile-web,FALSE,729,689,0.9451303155006858
2026-03-07,mobile-web,FALSE,733,679,0.9263301500682128
2026-03-08,mobile-web,FALSE,797,750,0.9410288582183187
2026-03-09,mobile-web,FALSE,777,732,0.9420849420849421
2026-03-10,mobile-web,FALSE,753,703,0.9335989375830013
2026-03-11,mobile-web,FALSE,732,694,0.9480874316939891
2026-03-12,mobile-web,FALSE,748,708,0.946524064171123
2026-03-13,mobile-web,FALSE,694,649,0.9351585014409222
2026-03-14,mobile-web,FALSE,709,669,0.9435825105782792
2026-03-15,mobile-web,FALSE,773,732,0.9469598965071151
2026-03-16,mobile-web,FALSE,788,748,0.949238578680203
2026-03-17,mobile-web,FALSE,783,736,0.9399744572158365
2026-03-18,mobile-web,FALSE,719,669,0.9304589707927677
2026-03-19,mobile-web,FALSE,775,737,0.9509677419354838
2026-03-20,mobile-web,FALSE,738,708,0.959349593495935
2026-03-21,mobile-web,FALSE,706,666,0.943342776203966
2026-03-22,mobile-web,FALSE,755,696,0.9218543046357616
2026-03-23,mobile-web,FALSE,743,692,0.9313593539703903
2026-03-24,mobile-web,FALSE,717,676,0.9428172942817294
2026-03-25,mobile-web,FALSE,731,696,0.9521203830369357
2026-03-26,mobile-web,FALSE,727,680,0.9353507565337001
2026-03-27,mobile-web,FALSE,804,756,0.9402985074626866
2026-03-28,mobile-web,FALSE,730,688,0.9424657534246575
2026-03-29,mobile-web,FALSE,714,680,0.9523809523809523
2026-03-30,mobile-web,FALSE,792,753,0.9507575757575758
2026-03-31,mobile-web,FALSE,765,716,0.9359477124183007
2026-04-01,mobile-web,FALSE,767,708,0.9230769230769231
2026-04-02,mobile-web,FALSE,757,722,0.9537648612945839
2026-04-03,mobile-web,FALSE,724,679,0.9378453038674033
2026-04-04,mobile-web,FALSE,745,692,0.9288590604026845
2026-04-05,mobile-web,FALSE,721,661,0.9167822468793343
2026-04-06,mobile-web,FALSE,742,703,0.9474393530997305
2026-04-07,mobile-web,FALSE,717,678,0.9456066945606695
2026-04-08,mobile-web,FALSE,778,742,0.9537275064267352
2026-04-09,mobile-web,FALSE,756,715,0.9457671957671958
2026-04-10,mobile-web,FALSE,780,733,0.9397435897435897
2026-04-11,mobile-web,FALSE,747,707,0.9464524765729585
2026-04-12,mobile-web,FALSE,752,705,0.9375
2026-04-13,mobile-web,FALSE,706,663,0.9390934844192634
2026-04-14,mobile-web,FALSE,716,668,0.9329608938547486
2026-04-15,mobile-web,FALSE,778,744,0.9562982005141388
2026-04-16,mobile-web,FALSE,768,730,0.9505208333333334
2026-04-17,mobile-web,FALSE,714,681,0.9537815126050421
2026-04-18,mobile-web,FALSE,732,692,0.9453551912568307
2026-04-19,mobile-web,FALSE,692,651,0.9407514450867052
2026-04-20,mobile-web,FALSE,743,696,0.9367429340511441
2026-04-21,mobile-web,FALSE,738,696,0.943089430894309
2026-04-22,mobile-web,FALSE,752,710,0.9441489361702128
2026-04-23,mobile-web,FALSE,772,726,0.9404145077720207
2026-04-24,mobile-web,FALSE,747,716,0.9585006693440429
2026-04-25,mobile-web,FALSE,802,751,0.9364089775561097
2026-04-26,mobile-web,FALSE,740,693,0.9364864864864865
2026-04-27,mobile-web,FALSE,752,716,0.9521276595744681
2026-04-28,mobile-web,FALSE,770,719,0.9337662337662338
2026-04-29,mobile-web,FALSE,792,750,0.946969696969697
2026-04-30,mobile-web,FALSE,754,716,0.9496021220159151
2026-05-01,mobile-web,FALSE,742,695,0.9366576819407008
2026-05-02,mobile-web,FALSE,728,684,0.9395604395604396
2026-05-03,mobile-web,FALSE,724,670,0.925414364640884
2026-05-04,mobile-web,FALSE,798,744,0.9323308270676691
2026-05-05,mobile-web,FALSE,701,653,0.9315263908701854
2026-05-06,mobile-web,FALSE,731,688,0.9411764705882353
2026-05-07,mobile-web,FALSE,721,670,0.9292649098474342
2026-05-08,mobile-web,FALSE,736,684,0.9293478260869565
2026-05-09,mobile-web,FALSE,795,719,0.9044025157232705
2026-05-10,mobile-web,FALSE,739,687,0.9296346414073072
2026-05-11,mobile-web,FALSE,751,705,0.9387483355525965
2026-05-12,mobile-web,FALSE,779,728,0.9345314505776636
2026-05-13,mobile-web,FALSE,785,734,0.935031847133758
2026-05-14,mobile-web,FALSE,785,739,0.9414012738853503
2026-05-15,mobile-web,FALSE,776,728,0.9381443298969072
2026-05-16,mobile-web,FALSE,759,691,0.9104084321475626
2026-05-17,mobile-web,FALSE,801,760,0.9488139825218477
2026-05-18,mobile-web,FALSE,805,762,0.9465838509316771
2026-05-19,mobile-web,FALSE,786,748,0.9516539440203562
2026-05-20,mobile-web,FALSE,743,704,0.9475100942126514
2026-05-21,mobile-web,FALSE,691,648,0.9377713458755427
2026-05-22,mobile-web,FALSE,734,684,0.9318801089918256
2026-05-23,mobile-web,FALSE,742,692,0.9326145552560647
2026-05-24,mobile-web,FALSE,775,725,0.9354838709677419
2026-05-25,mobile-web,FALSE,809,758,0.9369592088998764
2026-05-26,mobile-web,FALSE,776,729,0.9394329896907216
2026-05-27,mobile-web,FALSE,770,711,0.9233766233766234
2026-05-28,mobile-web,FALSE,751,698,0.929427430093209
2026-05-29,mobile-web,FALSE,809,761,0.9406674907292955
2026-05-30,mobile-web,FALSE,747,700,0.9370816599732262
2026-05-31,mobile-web,FALSE,748,699,0.9344919786096256
2026-06-01,mobile-web,TRUE,718,686,0.9554317548746518
2026-06-02,mobile-web,TRUE,660,621,0.9409090909090909
2026-06-03,mobile-web,TRUE,712,662,0.9297752808988764
2026-06-04,mobile-web,TRUE,714,671,0.9397759103641457
2026-06-05,mobile-web,TRUE,772,732,0.9481865284974094
2026-06-06,mobile-web,TRUE,743,695,0.9353970390309556
2026-06-07,mobile-web,TRUE,756,711,0.9404761904761905
2026-06-08,mobile-web,TRUE,742,700,0.9433962264150944
2026-06-09,mobile-web,TRUE,720,664,0.9222222222222223
2026-06-10,mobile-web,TRUE,751,711,0.9467376830892144
2026-06-11,mobile-web,TRUE,756,702,0.9285714285714286
2026-06-12,mobile-web,TRUE,753,723,0.9601593625498008
2026-06-13,mobile-web,TRUE,735,695,0.9455782312925171
2026-06-14,mobile-web,TRUE,723,685,0.9474412171507607
2026-06-15,mobile-web,TRUE,768,717,0.93359375
2026-06-16,mobile-web,TRUE,790,738,0.9341772151898734
2026-06-17,mobile-web,TRUE,742,690,0.9299191374663073
2026-06-18,mobile-web,TRUE,791,749,0.9469026548672567
2026-06-19,mobile-web,TRUE,783,748,0.9553001277139208
2026-06-20,mobile-web,TRUE,753,700,0.9296148738379814
2026-06-21,mobile-web,TRUE,752,701,0.9321808510638298
2026-06-22,mobile-web,TRUE,773,732,0.9469598965071151
2026-06-23,mobile-web,TRUE,743,700,0.9421265141318977
2026-06-24,mobile-web,TRUE,742,691,0.931266846361186
2026-06-25,mobile-web,TRUE,762,715,0.9383202099737533
2026-06-26,mobile-web,TRUE,827,766,0.9262394195888755
2026-06-27,mobile-web,TRUE,758,717,0.945910290237467
2026-06-28,mobile-web,TRUE,709,662,0.9337094499294781
2026-06-29,mobile-web,TRUE,776,731,0.9420103092783505
2026-06-30,mobile-web,TRUE,734,689,0.9386920980926431
2026-07-01,mobile-web,TRUE,752,708,0.9414893617021277
2026-07-02,mobile-web,TRUE,766,712,0.9295039164490861
2026-07-03,mobile-web,TRUE,737,699,0.9484396200814111
2026-07-04,mobile-web,TRUE,733,689,0.9399727148703957
2026-07-05,mobile-web,TRUE,757,713,0.9418758256274768
2026-07-06,mobile-web,TRUE,779,737,0.9460847240051348
2026-07-07,mobile-web,TRUE,716,675,0.9427374301675978
2026-07-08,mobile-web,TRUE,764,716,0.93717277486911
2026-07-09,mobile-web,TRUE,771,732,0.9494163424124513
2026-07-10,mobile-web,TRUE,753,710,0.9428950863213812
2026-07-11,mobile-web,TRUE,727,685,0.9422283356258597
2026-07-12,mobile-web,TRUE,746,693,0.9289544235924933
2026-07-13,mobile-web,TRUE,738,697,0.9444444444444444
2026-07-14,mobile-web,TRUE,705,673,0.9546099290780142
2026-07-15,mobile-web,TRUE,786,736,0.9363867684478372
2026-07-16,mobile-web,TRUE,753,698,0.9269588313413014
2026-07-17,mobile-web,TRUE,739,701,0.9485791610284168
2026-07-18,mobile-web,TRUE,732,684,0.9344262295081968
2026-07-19,mobile-web,TRUE,725,675,0.9310344827586207
2026-07-20,mobile-web,TRUE,748,697,0.9318181818181818
2026-07-21,mobile-web,TRUE,742,692,0.9326145552560647
2026-07-22,mobile-web,TRUE,724,679,0.9378453038674033
2026-07-23,mobile-web,TRUE,797,749,0.9397741530740276
2026-07-24,mobile-web,TRUE,719,672,0.9346314325452016
2026-07-25,mobile-web,TRUE,786,736,0.9363867684478372
2026-07-26,mobile-web,TRUE,747,701,0.9384203480589023
2026-07-27,mobile-web,TRUE,790,736,0.9316455696202531
2026-07-28,mobile-web,TRUE,715,667,0.9328671328671329
2026-07-29,mobile-web,TRUE,716,669,0.9343575418994413
2026-07-30,mobile-web,TRUE,720,671,0.9319444444444445
2026-07-31,mobile-web,TRUE,743,695,0.9353970390309556
2025-12-01,pc-web,FALSE,1196,1093,0.9138795986622074
2025-12-02,pc-web,FALSE,1194,1095,0.9170854271356784
2025-12-03,pc-web,FALSE,1185,1101,0.9291139240506329
2025-12-04,pc-web,FALSE,1212,1120,0.9240924092409241
2025-12-05,pc-web,FALSE,1273,1165,0.9151610369206599
2025-12-06,pc-web,FALSE,1160,1054,0.9086206896551724
2025-12-07,pc-web,FALSE,1255,1170,0.9322709163346613
2025-12-08,pc-web,FALSE,1191,1089,0.9143576826196473
2025-12-09,pc-web,FALSE,1191,1103,0.926112510495382
2025-12-10,pc-web,FALSE,1106,1009,0.9122965641952984
2025-12-11,pc-web,FALSE,1204,1115,0.9260797342192691
2025-12-12,pc-web,FALSE,1237,1146,0.9264349232012935
2025-12-13,pc-web,FALSE,1097,1007,0.91795806745670006
2025-12-14,pc-web,FALSE,1200,1103,0.9191666666666667
2025-12-15,pc-web,FALSE,1276,1203,0.9427899686520376
2025-12-16,pc-web,FALSE,1122,1036,0.9233511586452763
2025-12-17,pc-web,FALSE,1257,1165,0.9268098647573588
2025-12-18,pc-web,FALSE,1201,1107,0.9217318900915903
2025-12-19,pc-web,FALSE,1235,1146,0.9279352226720647
2025-12-20,pc-web,FALSE,1220,1144,0.9377049180327869
2025-12-21,pc-web,FALSE,1194,1076,0.9011725293132329
2025-12-22,pc-web,FALSE,1215,1114,0.9168724279835391
2025-12-23,pc-web,FALSE,1232,1125,0.9131493506493507
2025-12-24,pc-web,FALSE,1158,1078,0.9309153713298791
2025-12-25,pc-web,FALSE,1209,1112,0.9197684036393714
2025-12-26,pc-web,FALSE,1182,1093,0.9247038917089678
2025-12-27,pc-web,FALSE,1164,1072,0.9209621993127147
2025-12-28,pc-web,FALSE,1188,1087,0.914983164983165
2025-12-29,pc-web,FALSE,1158,1061,0.9162348877374784
2025-12-30,pc-web,FALSE,1210,1105,0.9132231404958677
2025-12-31,pc-web,FALSE,1227,1126,0.9176854115729421
2026-01-01,pc-web,FALSE,1216,1122,0.9226973684210527
2026-01-02,pc-web,FALSE,1259,1150,0.9134233518665608
2026-01-03,pc-web,FALSE,1203,1112,0.9243557772236076
2026-01-04,pc-web,FALSE,1165,1072,0.9201716738197425
2026-01-05,pc-web,FALSE,1210,1105,0.9132231404958677
2026-01-06,pc-web,FALSE,1142,1051,0.9203152364273205
2026-01-07,pc-web,FALSE,1194,1095,0.9170854271356784
2026-01-08,pc-web,FALSE,1257,1148,0.9132856006364359
2026-01-09,pc-web,FALSE,1232,1141,0.9261363636363636
2026-01-10,pc-web,FALSE,1256,1150,0.9156050955414012
2026-01-11,pc-web,FALSE,1230,1137,0.9243902439024391
2026-01-12,pc-web,FALSE,1181,1090,0.9229466553767993
2026-01-13,pc-web,FALSE,1189,1092,0.9184188393608074
2026-01-14,pc-web,FALSE,1206,1105,0.9162520729684909
2026-01-15,pc-web,FALSE,1246,1150,0.9229534510433387
2026-01-16,pc-web,FALSE,1204,1098,0.9119601328903655
2026-01-17,pc-web,FALSE,1253,1153,0.9201915403032721
2026-01-18,pc-web,FALSE,1195,1109,0.9280334728033472
2026-01-19,pc-web,FALSE,1246,1149,0.9221508828250401
2026-01-20,pc-web,FALSE,1216,1122,0.9226973684210527
2026-01-21,pc-web,FALSE,1191,1108,0.9303106633081444
2026-01-22,pc-web,FALSE,1173,1081,0.9215686274509803
2026-01-23,pc-web,FALSE,1240,1161,0.9362903225806452
2026-01-24,pc-web,FALSE,1133,1040,0.9179170344218888
2026-01-25,pc-web,FALSE,1197,1099,0.9181286549707602
2026-01-26,pc-web,FALSE,1239,1147,0.9257465698143664
2026-01-27,pc-web,FALSE,1139,1055,0.926251097453907
2026-01-28,pc-web,FALSE,1228,1144,0.9315960912052117
2026-01-29,pc-web,FALSE,1164,1072,0.9209621993127147
2026-01-30,pc-web,FALSE,1178,1098,0.9320882852292021
2026-01-31,pc-web,FALSE,1189,1101,0.9259882253994953
2026-02-01,pc-web,FALSE,1241,1134,0.9137792103142627
2026-02-02,pc-web,FALSE,1148,1065,0.9277003484320557
2026-02-03,pc-web,FALSE,1237,1152,0.931285367825384
2026-02-04,pc-web,FALSE,1243,1149,0.9243765084473049
2026-02-05,pc-web,FALSE,1228,1131,0.9210097719869706
2026-02-06,pc-web,FALSE,1217,1138,0.9350862777321282
2026-02-07,pc-web,FALSE,1178,1084,0.9202037351443124
2026-02-08,pc-web,FALSE,1200,1103,0.9191666666666667
2026-02-09,pc-web,FALSE,1169,1087,0.9298545765611634
2026-02-10,pc-web,FALSE,1171,1077,0.9197267292912041
2026-02-11,pc-web,FALSE,1231,1146,0.9309504467912266
2026-02-12,pc-web,FALSE,1210,1112,0.9190082644628099
2026-02-13,pc-web,FALSE,1224,1117,0.9125816993464052
2026-02-14,pc-web,FALSE,1211,1111,0.9174236168455822
2026-02-15,pc-web,FALSE,1214,1106,0.9110378912685337
2026-02-16,pc-web,FALSE,1226,1129,0.9208809135399674
2026-02-17,pc-web,FALSE,1120,1046,0.9339285714285714
2026-02-18,pc-web,FALSE,1245,1150,0.9236947791164659
2026-02-19,pc-web,FALSE,1214,1116,0.9192751235584844
2026-02-20,pc-web,FALSE,1252,1165,0.9305111821086262
2026-02-21,pc-web,FALSE,1133,1040,0.9179170344218888
2026-02-22,pc-web,FALSE,1172,1077,0.9189419795221843
2026-02-23,pc-web,FALSE,1202,1108,0.9217970049916805
2026-02-24,pc-web,FALSE,1203,1117,0.9285120532003325
2026-02-25,pc-web,FALSE,1212,1117,0.9216171617161716
2026-02-26,pc-web,FALSE,1146,1055,0.9205933682373473
2026-02-27,pc-web,FALSE,1181,1094,0.9263336155800169
2026-02-28,pc-web,FALSE,1228,1127,0.9177524429967426
2026-03-01,pc-web,FALSE,1188,1075,0.9048821548821548
2026-03-02,pc-web,FALSE,1188,1103,0.9284511784511784
2026-03-03,pc-web,FALSE,1207,1120,0.927920463960232
2026-03-04,pc-web,FALSE,1156,1055,0.9126297577854672
2026-03-05,pc-web,FALSE,1137,1041,0.9155672823218998
2026-03-06,pc-web,FALSE,1141,1063,0.9316389132340053
2026-03-07,pc-web,FALSE,1153,1053,0.9132697311361665
2026-03-08,pc-web,FALSE,1107,1035,0.9349593495934959
2026-03-09,pc-web,FALSE,1193,1095,0.9178541492036881
2026-03-10,pc-web,FALSE,1147,1054,0.918918918918919
2026-03-11,pc-web,FALSE,1233,1144,0.9278183292781833
2026-03-12,pc-web,FALSE,1210,1125,0.9297520661157025
2026-03-13,pc-web,FALSE,1203,1111,0.9235245220282626
2026-03-14,pc-web,FALSE,1225,1133,0.9248979591836735
2026-03-15,pc-web,FALSE,1234,1131,0.9165316045380876
2026-03-16,pc-web,FALSE,1174,1083,0.9224872231686542
2026-03-17,pc-web,FALSE,1181,1094,0.9263336155800169
2026-03-18,pc-web,FALSE,1277,1171,0.9169929522317932
2026-03-19,pc-web,FALSE,1215,1124,0.9251028806584363
2026-03-20,pc-web,FALSE,1198,1093,0.9123539232053423
2026-03-21,pc-web,FALSE,1183,1080,0.9129332206255283
2026-03-22,pc-web,FALSE,1271,1167,0.918174665617624
2026-03-23,pc-web,FALSE,1221,1128,0.9238329238329238
2026-03-24,pc-web,FALSE,1261,1162,0.9214908802537668
2026-03-25,pc-web,FALSE,1246,1148,0.9213483146067416
2026-03-26,pc-web,FALSE,1211,1106,0.9132947976878613
2026-03-27,pc-web,FALSE,1235,1142,0.9246963562753037
2026-03-28,pc-web,FALSE,1224,1107,0.9044117647058824
2026-03-29,pc-web,FALSE,1225,1107,0.9036734693877551
2026-03-30,pc-web,FALSE,1231,1126,0.9147034930950447
2026-03-31,pc-web,FALSE,1253,1155,0.9217877094972067
2026-04-01,pc-web,FALSE,1158,1075,0.9283246977547496
2026-04-02,pc-web,FALSE,1152,1062,0.921875
2026-04-03,pc-web,FALSE,1218,1114,0.9146141215106732
2026-04-04,pc-web,FALSE,1184,1088,0.918918918918919
2026-04-05,pc-web,FALSE,1227,1121,0.9136104319478403
2026-04-06,pc-web,FALSE,1224,1125,0.9191176470588235
2026-04-07,pc-web,FALSE,1180,1092,0.9254237288135593
2026-04-08,pc-web,FALSE,1195,1109,0.9280334728033472
2026-04-09,pc-web,FALSE,1182,1066,0.9018612521150592
2026-04-10,pc-web,FALSE,1138,1063,0.9340949033391915
2026-04-11,pc-web,FALSE,1139,1047,0.9192273924495171
2026-04-12,pc-web,FALSE,1154,1049,0.9090121317157712
2026-04-13,pc-web,FALSE,1233,1136,0.9213300892133008
2026-04-14,pc-web,FALSE,1197,1090,0.910609857978279
2026-04-15,pc-web,FALSE,1218,1104,0.9064039408866995
2026-04-16,pc-web,FALSE,1212,1124,0.9273927392739274
2026-04-17,pc-web,FALSE,1188,1088,0.9158249158249159
2026-04-18,pc-web,FALSE,1210,1104,0.912396694214876
2026-04-19,pc-web,FALSE,1126,1025,0.9103019538188277
2026-04-20,pc-web,FALSE,1160,1071,0.9232758620689655
2026-04-21,pc-web,FALSE,1203,1101,0.9152119700748129
2026-04-22,pc-web,FALSE,1157,1066,0.9213483146067416
2026-04-23,pc-web,FALSE,1184,1085,0.9163851351351351
2026-04-24,pc-web,FALSE,1273,1173,0.9214454045561665
2026-04-25,pc-web,FALSE,1193,1092,0.9153394803017603
2026-04-26,pc-web,FALSE,1228,1127,0.9177524429967426
2026-04-27,pc-web,FALSE,1137,1054,0.9270008795074758
2026-04-28,pc-web,FALSE,1242,1129,0.9090177133655395
2026-04-29,pc-web,FALSE,1170,1076,0.9196581196581196
2026-04-30,pc-web,FALSE,1149,1063,0.9251523063533508
2026-05-01,pc-web,FALSE,1119,1026,0.9168900804289544
2026-05-02,pc-web,FALSE,1179,1072,0.909245122985581
2026-05-03,pc-web,FALSE,1182,1086,0.9187817258883249
2026-05-04,pc-web,FALSE,1261,1148,0.9103885804916733
2026-05-05,pc-web,FALSE,1189,1104,0.928511354079058
2026-05-06,pc-web,FALSE,1147,1062,0.925893635571055
2026-05-07,pc-web,FALSE,1259,1157,0.9189833200953137
2026-05-08,pc-web,FALSE,1191,1095,0.9193954659949622
2026-05-09,pc-web,FALSE,1259,1161,0.9221604447974583
2026-05-10,pc-web,FALSE,1173,1069,0.9113384484228474
2026-05-11,pc-web,FALSE,1254,1154,0.9202551834130781
2026-05-12,pc-web,FALSE,1211,1116,0.921552436003303
2026-05-13,pc-web,FALSE,1157,1062,0.9178910976663786
2026-05-14,pc-web,FALSE,1186,1105,0.9317032040472175
2026-05-15,pc-web,FALSE,1265,1157,0.9146245059288538
2026-05-16,pc-web,FALSE,1134,1046,0.9223985890652557
2026-05-17,pc-web,FALSE,1207,1091,0.903893951946976
2026-05-18,pc-web,FALSE,1186,1080,0.9106239460370995
2026-05-19,pc-web,FALSE,1240,1148,0.9258064516129032
2026-05-20,pc-web,FALSE,1258,1155,0.9181240063593005
2026-05-21,pc-web,FALSE,1232,1139,0.924512987012987
2026-05-22,pc-web,FALSE,1220,1114,0.9131147540983606
2026-05-23,pc-web,FALSE,1146,1036,0.9040139616055847
2026-05-24,pc-web,FALSE,1183,1072,0.9061707523245984
2026-05-25,pc-web,FALSE,1201,1085,0.9034138218151541
2026-05-26,pc-web,FALSE,1195,1101,0.9213389121338912
2026-05-27,pc-web,FALSE,1182,1093,0.9247038917089678
2026-05-28,pc-web,FALSE,1171,1078,0.9205807002561913
2026-05-29,pc-web,FALSE,1199,1091,0.9099249374478732
2026-05-30,pc-web,FALSE,1239,1121,0.9047619047619048
2026-05-31,pc-web,FALSE,1251,1157,0.9248601119104716
2026-06-01,pc-web,TRUE,1233,1131,0.9172749391727494
2026-06-02,pc-web,TRUE,1205,1125,0.9336099585062241
2026-06-03,pc-web,TRUE,1227,1134,0.9242053789731052
2026-06-04,pc-web,TRUE,1219,1134,0.9302707136997539
2026-06-05,pc-web,TRUE,1199,1113,0.9282735613010842
2026-06-06,pc-web,TRUE,1169,1057,0.9041916167664671
2026-06-07,pc-web,TRUE,1205,1087,0.9020746887966805
2026-06-08,pc-web,TRUE,1174,1066,0.9080068143100511
2026-06-09,pc-web,TRUE,1208,1109,0.918046357615894
2026-06-10,pc-web,TRUE,1200,1103,0.9191666666666667
2026-06-11,pc-web,TRUE,1131,1042,0.9213085764809903
2026-06-12,pc-web,TRUE,1197,1104,0.9223057644110275
2026-06-13,pc-web,TRUE,1242,1139,0.9170692431561996
2026-06-14,pc-web,TRUE,1155,1052,0.9108225108225109
2026-06-15,pc-web,TRUE,1179,1095,0.9287531806615776
2026-06-16,pc-web,TRUE,1234,1133,0.9181523500810372
2026-06-17,pc-web,TRUE,1200,1087,0.9058333333333334
2026-06-18,pc-web,TRUE,1227,1122,0.9144254278728606
2026-06-19,pc-web,TRUE,1180,1097,0.9296610169491526
2026-06-20,pc-web,TRUE,1287,1193,0.9269619269619269
2026-06-21,pc-web,TRUE,1220,1100,0.9016393442622951
2026-06-22,pc-web,TRUE,1260,1152,0.9142857142857143
2026-06-23,pc-web,TRUE,1218,1139,0.9351395730706076
2026-06-24,pc-web,TRUE,1139,1049,0.9209833187006146
2026-06-25,pc-web,TRUE,1210,1095,0.9049586776859504
2026-06-26,pc-web,TRUE,1113,1021,0.917340521114106
2026-06-27,pc-web,TRUE,1219,1115,0.9146841673502871
2026-06-28,pc-web,TRUE,1234,1117,0.9051863857374393
2026-06-29,pc-web,TRUE,1168,1070,0.916095890410959
2026-06-30,pc-web,TRUE,1179,1077,0.9134860050890585
2026-07-01,pc-web,TRUE,1173,1089,0.928388746803069
2026-07-02,pc-web,TRUE,1164,1052,0.9037800687285223
2026-07-03,pc-web,TRUE,1229,1128,0.9178193653376729
2026-07-04,pc-web,TRUE,1206,1101,0.9129353233830846
2026-07-05,pc-web,TRUE,1153,1044,0.9054640069384216
2026-07-06,pc-web,TRUE,1199,1102,0.9190992493744787
2026-07-07,pc-web,TRUE,1145,1055,0.9213973799126638
2026-07-08,pc-web,TRUE,1194,1101,0.9221105527638191
2026-07-09,pc-web,TRUE,1210,1122,0.9272727272727272
2026-07-10,pc-web,TRUE,1204,1120,0.9302325581395349
2026-07-11,pc-web,TRUE,1187,1081,0.9106992417860151
2026-07-12,pc-web,TRUE,1215,1090,0.897119341563786
2026-07-13,pc-web,TRUE,1140,1038,0.9105263157894737
2026-07-14,pc-web,TRUE,1247,1140,0.9141940657578188
2026-07-15,pc-web,TRUE,1187,1084,0.9132266217354675
2026-07-16,pc-web,TRUE,1271,1151,0.90558615263572
2026-07-17,pc-web,TRUE,1196,1104,0.9230769230769231
2026-07-18,pc-web,TRUE,1237,1133,0.9159256265157639
2026-07-19,pc-web,TRUE,1173,1073,0.9147485080988917
2026-07-20,pc-web,TRUE,1208,1130,0.9354304635761589
2026-07-21,pc-web,TRUE,1180,1079,0.9144067796610169
2026-07-22,pc-web,TRUE,1252,1158,0.9249201277955271
2026-07-23,pc-web,TRUE,1190,1094,0.9193277310924369
2026-07-24,pc-web,TRUE,1165,1068,0.9167381974248927
2026-07-25,pc-web,TRUE,1245,1137,0.9132530120481928
2026-07-26,pc-web,TRUE,1181,1088,0.9212531752751905
2026-07-27,pc-web,TRUE,1179,1094,0.9279050042408821
2026-07-28,pc-web,TRUE,1195,1095,0.9163179916317992
2026-07-29,pc-web,TRUE,1238,1152,0.9305331179321487
2026-07-30,pc-web,TRUE,1255,1155,0.9203187250996016
2026-07-31,pc-web,TRUE,1156,1061,0.9178200692041523
2025-12-01,smart-tv-a,FALSE,1203,1149,0.9551122194513716
2025-12-02,smart-tv-a,FALSE,1206,1153,0.9560530679933665
2025-12-03,smart-tv-a,FALSE,1198,1146,0.9565943238731218
2025-12-04,smart-tv-a,FALSE,1185,1133,0.9561181434599156
2025-12-05,smart-tv-a,FALSE,1167,1121,0.9605826906598115
2025-12-06,smart-tv-a,FALSE,1228,1165,0.9486970684039088
2025-12-07,smart-tv-a,FALSE,1234,1164,0.9432739059967585
2025-12-08,smart-tv-a,FALSE,1260,1199,0.9515873015873015
2025-12-09,smart-tv-a,FALSE,1212,1171,0.9661716171617162
2025-12-10,smart-tv-a,FALSE,1205,1145,0.950207468879668
2025-12-11,smart-tv-a,FALSE,1253,1194,0.9529130087789306
2025-12-12,smart-tv-a,FALSE,1197,1148,0.9590643274853801
2025-12-13,smart-tv-a,FALSE,1251,1195,0.9552358113509193
2025-12-14,smart-tv-a,FALSE,1181,1105,0.9356477561388654
2025-12-15,smart-tv-a,FALSE,1150,1113,0.9678260869565217
2025-12-16,smart-tv-a,FALSE,1221,1173,0.9606879606879607
2025-12-17,smart-tv-a,FALSE,1186,1132,0.954468802698145
2025-12-18,smart-tv-a,FALSE,1282,1224,0.9547581903276131
2025-12-19,smart-tv-a,FALSE,1186,1129,0.9519392917369308
2025-12-20,smart-tv-a,FALSE,1181,1128,0.9551227773073666
2025-12-21,smart-tv-a,FALSE,1301,1253,0.9631053036126057
2025-12-22,smart-tv-a,FALSE,1162,1108,0.9535283993115319
2025-12-23,smart-tv-a,FALSE,1174,1114,0.948892674616695
2025-12-24,smart-tv-a,FALSE,1232,1187,0.963474025974026
2025-12-25,smart-tv-a,FALSE,1235,1180,0.9554655870445344
2025-12-26,smart-tv-a,FALSE,1221,1151,0.9426699426699426
2025-12-27,smart-tv-a,FALSE,1221,1159,0.9492219492219492
2025-12-28,smart-tv-a,FALSE,1169,1117,0.9555175363558597
2025-12-29,smart-tv-a,FALSE,1231,1175,0.9545085296506904
2025-12-30,smart-tv-a,FALSE,1192,1134,0.9513422818791947
2025-12-31,smart-tv-a,FALSE,1225,1168,0.953469387755102
2026-01-01,smart-tv-a,FALSE,1229,1166,0.9487388120423108
2026-01-02,smart-tv-a,FALSE,1123,1066,0.9492430988423864
2026-01-03,smart-tv-a,FALSE,1211,1153,0.9521056977704376
2026-01-04,smart-tv-a,FALSE,1177,1108,0.9413763806287171
2026-01-05,smart-tv-a,FALSE,1180,1135,0.961864406779661
2026-01-06,smart-tv-a,FALSE,1199,1150,0.9591326105087573
2026-01-07,smart-tv-a,FALSE,1241,1162,0.9363416599516519
2026-01-08,smart-tv-a,FALSE,1224,1174,0.9591503267973857
2026-01-09,smart-tv-a,FALSE,1184,1131,0.9552364864864865
2026-01-10,smart-tv-a,FALSE,1197,1132,0.9456975772765246
2026-01-11,smart-tv-a,FALSE,1223,1165,0.9525756336876533
2026-01-12,smart-tv-a,FALSE,1247,1179,0.9454691259021651
2026-01-13,smart-tv-a,FALSE,1235,1191,0.9643724696356275
2026-01-14,smart-tv-a,FALSE,1163,1110,0.9544282029234737
2026-01-15,smart-tv-a,FALSE,1185,1122,0.9468354430379747
2026-01-16,smart-tv-a,FALSE,1157,1112,0.9611063094209161
2026-01-17,smart-tv-a,FALSE,1193,1123,0.9413243922883487
2026-01-18,smart-tv-a,FALSE,1194,1130,0.9463986599664992
2026-01-19,smart-tv-a,FALSE,1161,1110,0.9560723514211886
2026-01-20,smart-tv-a,FALSE,1198,1139,0.9507512520868113
2026-01-21,smart-tv-a,FALSE,1240,1187,0.957258064516129
2026-01-22,smart-tv-a,FALSE,1184,1123,0.9484797297297297
2026-01-23,smart-tv-a,FALSE,1177,1127,0.9575191163976211
2026-01-24,smart-tv-a,FALSE,1237,1183,0.9563459983831851
2026-01-25,smart-tv-a,FALSE,1138,1065,0.9358523725834798
2026-01-26,smart-tv-a,FALSE,1223,1176,0.9615699100572364
2026-01-27,smart-tv-a,FALSE,1183,1131,0.9560439560439561
2026-01-28,smart-tv-a,FALSE,1165,1120,0.9613733905579399
2026-01-29,smart-tv-a,FALSE,1201,1129,0.9400499583680266
2026-01-30,smart-tv-a,FALSE,1159,1102,0.9508196721311475
2026-01-31,smart-tv-a,FALSE,1219,1154,0.9466776045939295
2026-02-01,smart-tv-a,FALSE,1193,1129,0.9463537300922046
2026-02-02,smart-tv-a,FALSE,1205,1148,0.9526970954356846
2026-02-03,smart-tv-a,FALSE,1220,1165,0.9549180327868853
2026-02-04,smart-tv-a,FALSE,1197,1150,0.960735171261487
2026-02-05,smart-tv-a,FALSE,1184,1137,0.9603040540540541
2026-02-06,smart-tv-a,FALSE,1225,1151,0.9395918367346939
2026-02-07,smart-tv-a,FALSE,1180,1126,0.9542372881355933
2026-02-08,smart-tv-a,FALSE,1201,1142,0.9508742714404663
2026-02-09,smart-tv-a,FALSE,1123,1068,0.9510240427426536
2026-02-10,smart-tv-a,FALSE,1203,1138,0.9459684123025769
2026-02-11,smart-tv-a,FALSE,1108,1062,0.9584837545126353
2026-02-12,smart-tv-a,FALSE,1158,1105,0.9542314335060449
2026-02-13,smart-tv-a,FALSE,1150,1100,0.9565217391304348
2026-02-14,smart-tv-a,FALSE,1279,1224,0.9569976544175137
2026-02-15,smart-tv-a,FALSE,1175,1120,0.9531914893617022
2026-02-16,smart-tv-a,FALSE,1170,1124,0.9606837606837607
2026-02-17,smart-tv-a,FALSE,1207,1140,0.9444904722452361
2026-02-18,smart-tv-a,FALSE,1273,1217,0.9560094265514533
2026-02-19,smart-tv-a,FALSE,1237,1180,0.9539207760711399
2026-02-20,smart-tv-a,FALSE,1214,1146,0.943986820428336
2026-02-21,smart-tv-a,FALSE,1183,1127,0.9526627218934911
2026-02-22,smart-tv-a,FALSE,1194,1141,0.9556113902847572
2026-02-23,smart-tv-a,FALSE,1185,1123,0.9476793248945148
2026-02-24,smart-tv-a,FALSE,1204,1155,0.9593023255813954
2026-02-25,smart-tv-a,FALSE,1255,1200,0.9561752988047809
2026-02-26,smart-tv-a,FALSE,1196,1141,0.9540133779264214
2026-02-27,smart-tv-a,FALSE,1206,1158,0.9601990049751243
2026-02-28,smart-tv-a,FALSE,1241,1193,0.9613215149073328
2026-03-01,smart-tv-a,FALSE,1215,1147,0.9440329218106996
2026-03-02,smart-tv-a,FALSE,1156,1090,0.9429065743944637
2026-03-03,smart-tv-a,FALSE,1234,1178,0.9546191247974068
2026-03-04,smart-tv-a,FALSE,1199,1134,0.9457881567973311
2026-03-05,smart-tv-a,FALSE,1232,1166,0.9464285714285714
2026-03-06,smart-tv-a,FALSE,1168,1119,0.9580479452054794
2026-03-07,smart-tv-a,FALSE,1227,1169,0.9527302363488183
2026-03-08,smart-tv-a,FALSE,1178,1129,0.9584040747028862
2026-03-09,smart-tv-a,FALSE,1288,1228,0.953416149068323
2026-03-10,smart-tv-a,FALSE,1230,1169,0.9504065040650407
2026-03-11,smart-tv-a,FALSE,1236,1185,0.9587378640776699
2026-03-12,smart-tv-a,FALSE,1178,1124,0.9541595925297114
2026-03-13,smart-tv-a,FALSE,1155,1097,0.9497835497835497
2026-03-14,smart-tv-a,FALSE,1214,1145,0.943163097199341
2026-03-15,smart-tv-a,FALSE,1159,1107,0.9551337359792925
2026-03-16,smart-tv-a,FALSE,1196,1148,0.959866220735786
2026-03-17,smart-tv-a,FALSE,1201,1142,0.9508742714404663
2026-03-18,smart-tv-a,FALSE,1215,1150,0.9465020576131687
2026-03-19,smart-tv-a,FALSE,1201,1145,0.9533721898417985
2026-03-20,smart-tv-a,FALSE,1177,1131,0.9609175870858114
2026-03-21,smart-tv-a,FALSE,1178,1122,0.9524617996604414
2026-03-22,smart-tv-a,FALSE,1192,1128,0.9463087248322147
2026-03-23,smart-tv-a,FALSE,1180,1134,0.9610169491525423
2026-03-24,smart-tv-a,FALSE,1260,1194,0.9476190476190476
2026-03-25,smart-tv-a,FALSE,1224,1164,0.9509803921568627
2026-03-26,smart-tv-a,FALSE,1251,1196,0.95603517186251
2026-03-27,smart-tv-a,FALSE,1246,1194,0.9582664526484751
2026-03-28,smart-tv-a,FALSE,1188,1125,0.946969696969697
2026-03-29,smart-tv-a,FALSE,1190,1118,0.9394957983193277
2026-03-30,smart-tv-a,FALSE,1230,1170,0.9512195121951219
2026-03-31,smart-tv-a,FALSE,1175,1113,0.9472340425531914
2026-04-01,smart-tv-a,FALSE,1253,1181,0.942537909018356
2026-04-02,smart-tv-a,FALSE,1139,1085,0.9525899912203687
2026-04-03,smart-tv-a,FALSE,1182,1125,0.9517766497461929
2026-04-04,smart-tv-a,FALSE,1199,1142,0.9524603836530442
2026-04-05,smart-tv-a,FALSE,1168,1095,0.9375
2026-04-06,smart-tv-a,FALSE,1217,1163,0.9556285949055053
2026-04-07,smart-tv-a,FALSE,1197,1152,0.9624060150375939
2026-04-08,smart-tv-a,FALSE,1226,1160,0.9461663947797716
2026-04-09,smart-tv-a,FALSE,1190,1143,0.9605042016806723
2026-04-10,smart-tv-a,FALSE,1167,1111,0.9520137103684662
2026-04-11,smart-tv-a,FALSE,1246,1185,0.9510433386837881
2026-04-12,smart-tv-a,FALSE,1227,1166,0.9502852485737572
2026-04-13,smart-tv-a,FALSE,1122,1071,0.9545454545454546
2026-04-14,smart-tv-a,FALSE,1148,1085,0.9451219512195121
2026-04-15,smart-tv-a,FALSE,1164,1115,0.9579037800687286
2026-04-16,smart-tv-a,FALSE,1223,1170,0.9566639411283728
2026-04-17,smart-tv-a,FALSE,1191,1147,0.963056255247691
2026-04-18,smart-tv-a,FALSE,1173,1116,0.9514066496163683
2026-04-19,smart-tv-a,FALSE,1257,1202,0.9562450278440732
2026-04-20,smart-tv-a,FALSE,1217,1162,0.9548069022185702
2026-04-21,smart-tv-a,FALSE,1229,1155,0.9397884458909682
2026-04-22,smart-tv-a,FALSE,1216,1162,0.9555921052631579
2026-04-23,smart-tv-a,FALSE,1186,1121,0.945193929173693
2026-04-24,smart-tv-a,FALSE,1200,1138,0.9483333333333334
2026-04-25,smart-tv-a,FALSE,1187,1128,0.9502948609941028
2026-04-26,smart-tv-a,FALSE,1172,1116,0.9522184300341296
2026-04-27,smart-tv-a,FALSE,1160,1096,0.9448275862068966
2026-04-28,smart-tv-a,FALSE,1169,1117,0.9555175363558597
2026-04-29,smart-tv-a,FALSE,1199,1152,0.9608006672226855
2026-04-30,smart-tv-a,FALSE,1189,1143,0.9613120269133726
2026-05-01,smart-tv-a,FALSE,1198,1149,0.9590984974958264
2026-05-02,smart-tv-a,FALSE,1224,1140,0.9313725490196079
2026-05-03,smart-tv-a,FALSE,1201,1136,0.9458784346378019
2026-05-04,smart-tv-a,FALSE,1154,1105,0.9575389948006933
2026-05-05,smart-tv-a,FALSE,1170,1115,0.9529914529914529
2026-05-06,smart-tv-a,FALSE,1189,1114,0.9369217830109335
2026-05-07,smart-tv-a,FALSE,1204,1153,0.957641196013289
2026-05-08,smart-tv-a,FALSE,1221,1154,0.9451269451269452
2026-05-09,smart-tv-a,FALSE,1238,1184,0.9563812600969306
2026-05-10,smart-tv-a,FALSE,1231,1164,0.9455727051177905
2026-05-11,smart-tv-a,FALSE,1273,1212,0.9520816967792616
2026-05-12,smart-tv-a,FALSE,1227,1165,0.9494702526487367
2026-05-13,smart-tv-a,FALSE,1107,1054,0.952122854561879
2026-05-14,smart-tv-a,FALSE,1249,1186,0.9495596477181746
2026-05-15,smart-tv-a,FALSE,1139,1083,0.9508340649692713
2026-05-16,smart-tv-a,FALSE,1194,1125,0.9422110552763819
2026-05-17,smart-tv-a,FALSE,1212,1140,0.9405940594059405
2026-05-18,smart-tv-a,FALSE,1282,1210,0.9438377535101404
2026-05-19,smart-tv-a,FALSE,1183,1126,0.9518174133558749
2026-05-20,smart-tv-a,FALSE,1128,1075,0.9530141843971631
2026-05-21,smart-tv-a,FALSE,1163,1103,0.9484092863284609
2026-05-22,smart-tv-a,FALSE,1127,1062,0.9423247559893523
2026-05-23,smart-tv-a,FALSE,1183,1127,0.9526627218934911
2026-05-24,smart-tv-a,FALSE,1169,1111,0.9503849443969205
2026-05-25,smart-tv-a,FALSE,1256,1198,0.9538216560509554
2026-05-26,smart-tv-a,FALSE,1243,1182,0.9509251810136766
2026-05-27,smart-tv-a,FALSE,1269,1200,0.9456264775413712
2026-05-28,smart-tv-a,FALSE,1135,1085,0.9559471365638766
2026-05-29,smart-tv-a,FALSE,1220,1164,0.9540983606557377
2026-05-30,smart-tv-a,FALSE,1198,1137,0.9490818030050083
2026-05-31,smart-tv-a,FALSE,1192,1132,0.9496644295302014
2026-06-01,smart-tv-a,TRUE,1177,1107,0.9405267629566695
2026-06-02,smart-tv-a,TRUE,1177,1118,0.9498725573491928
2026-06-03,smart-tv-a,TRUE,1265,1201,0.9494071146245059
2026-06-04,smart-tv-a,TRUE,1190,1132,0.9512605042016806
2026-06-05,smart-tv-a,TRUE,1260,1204,0.9555555555555556
2026-06-06,smart-tv-a,TRUE,1213,1156,0.9530090684253916
2026-06-07,smart-tv-a,TRUE,1219,1158,0.9499589827727646
2026-06-08,smart-tv-a,TRUE,1272,1219,0.9583333333333334
2026-06-09,smart-tv-a,TRUE,1176,1127,0.9583333333333334
2026-06-10,smart-tv-a,TRUE,1189,1129,0.9495374264087468
2026-06-11,smart-tv-a,TRUE,1197,1144,0.9557226399331662
2026-06-12,smart-tv-a,TRUE,1127,1084,0.9618456078083407
2026-06-13,smart-tv-a,TRUE,1214,1145,0.943163097199341
2026-06-14,smart-tv-a,TRUE,1149,1083,0.9425587467362925
2026-06-15,smart-tv-a,TRUE,1245,1181,0.9485943775100402
2026-06-16,smart-tv-a,TRUE,1188,1118,0.9410774410774411
2026-06-17,smart-tv-a,TRUE,1130,1084,0.95929203539823
2026-06-18,smart-tv-a,TRUE,1166,1102,0.9451114922813036
2026-06-19,smart-tv-a,TRUE,1162,1109,0.9543889845094664
2026-06-20,smart-tv-a,TRUE,1217,1143,0.9391947411668036
2026-06-21,smart-tv-a,TRUE,1193,1132,0.9488683989941324
2026-06-22,smart-tv-a,TRUE,1207,1159,0.9602319801159901
2026-06-23,smart-tv-a,TRUE,1220,1171,0.9598360655737705
2026-06-24,smart-tv-a,TRUE,1304,1250,0.9585889570552147
2026-06-25,smart-tv-a,TRUE,1237,1181,0.9547291835084882
2026-06-26,smart-tv-a,TRUE,1192,1146,0.9614093959731543
2026-06-27,smart-tv-a,TRUE,1255,1186,0.9450199203187251
2026-06-28,smart-tv-a,TRUE,1197,1130,0.9440267335004177
2026-06-29,smart-tv-a,TRUE,1240,1191,0.9604838709677419
2026-06-30,smart-tv-a,TRUE,1227,1161,0.9462102689486552
2026-07-01,smart-tv-a,TRUE,1213,1171,0.9653751030502885
2026-07-02,smart-tv-a,TRUE,1211,1147,0.9471511147811725
2026-07-03,smart-tv-a,TRUE,1215,1157,0.9522633744855967
2026-07-04,smart-tv-a,TRUE,1198,1145,0.9557595993322203
2026-07-05,smart-tv-a,TRUE,1211,1156,0.9545829892650702
2026-07-06,smart-tv-a,TRUE,1207,1153,0.9552609776304888
2026-07-07,smart-tv-a,TRUE,1140,1078,0.9456140350877194
2026-07-08,smart-tv-a,TRUE,1180,1112,0.9423728813559322
2026-07-09,smart-tv-a,TRUE,1207,1137,0.9420049710024855
2026-07-10,smart-tv-a,TRUE,1223,1165,0.9525756336876533
2026-07-11,smart-tv-a,TRUE,1211,1147,0.9471511147811725
2026-07-12,smart-tv-a,TRUE,1234,1157,0.9376012965964343
2026-07-13,smart-tv-a,TRUE,1167,1099,0.9417309340188518
2026-07-14,smart-tv-a,TRUE,1189,1135,0.9545836837678722
2026-07-15,smart-tv-a,TRUE,1236,1190,0.9627831715210357
2026-07-16,smart-tv-a,TRUE,1176,1116,0.9489795918367347
2026-07-17,smart-tv-a,TRUE,1201,1148,0.9558701082431307
2026-07-18,smart-tv-a,TRUE,1158,1102,0.9516407599309153
2026-07-19,smart-tv-a,TRUE,1162,1093,0.9406196213425129
2026-07-20,smart-tv-a,TRUE,1275,1214,0.952156862745098
2026-07-21,smart-tv-a,TRUE,1249,1203,0.9631705364291433
2026-07-22,smart-tv-a,TRUE,1206,1145,0.9494195688225538
2026-07-23,smart-tv-a,TRUE,1177,1116,0.9481733220050977
2026-07-24,smart-tv-a,TRUE,1211,1149,0.9488026424442609
2026-07-25,smart-tv-a,TRUE,1226,1163,0.9486133768352365
2026-07-26,smart-tv-a,TRUE,1178,1114,0.9456706281833617
2026-07-27,smart-tv-a,TRUE,1179,1120,0.9499575911789653
2026-07-28,smart-tv-a,TRUE,1243,1169,0.9404666130329847
2026-07-29,smart-tv-a,TRUE,1154,1098,0.951473136915078
2026-07-30,smart-tv-a,TRUE,1143,1103,0.9650043744531933
2026-07-31,smart-tv-a,TRUE,1216,1161,0.9547697368421053
2025-12-01,smart-tv-b,FALSE,1145,1065,0.9301310043668122
2025-12-02,smart-tv-b,FALSE,1176,1071,0.9107142857142857
2025-12-03,smart-tv-b,FALSE,1228,1117,0.9096091205211726
2025-12-04,smart-tv-b,FALSE,1159,1069,0.9223468507333908
2025-12-05,smart-tv-b,FALSE,1282,1186,0.9251170046801872
2025-12-06,smart-tv-b,FALSE,1219,1103,0.9048400328137818
2025-12-07,smart-tv-b,FALSE,1243,1135,0.913113435237329
2025-12-08,smart-tv-b,FALSE,1201,1100,0.9159034138218152
2025-12-09,smart-tv-b,FALSE,1184,1074,0.9070945945945946
2025-12-10,smart-tv-b,FALSE,1205,1108,0.9195020746887966
2025-12-11,smart-tv-b,FALSE,1193,1094,0.9170159262363788
2025-12-12,smart-tv-b,FALSE,1192,1082,0.9077181208053692
2025-12-13,smart-tv-b,FALSE,1219,1109,0.9097621000820345
2025-12-14,smart-tv-b,FALSE,1253,1143,0.9122106943335994
2025-12-15,smart-tv-b,FALSE,1196,1106,0.9247491638795987
2025-12-16,smart-tv-b,FALSE,1176,1090,0.9268707482993197
2025-12-17,smart-tv-b,FALSE,1227,1113,0.9070904645476773
2025-12-18,smart-tv-b,FALSE,1238,1142,0.9224555735056543
2025-12-19,smart-tv-b,FALSE,1156,1071,0.9264705882352942
2025-12-20,smart-tv-b,FALSE,1160,1054,0.9086206896551724
2025-12-21,smart-tv-b,FALSE,1141,1043,0.9141104294478528
2025-12-22,smart-tv-b,FALSE,1167,1079,0.9245929734361611
2025-12-23,smart-tv-b,FALSE,1189,1089,0.9158957106812448
2025-12-24,smart-tv-b,FALSE,1244,1139,0.9155948553054662
2025-12-25,smart-tv-b,FALSE,1194,1097,0.9187604690117253
2025-12-26,smart-tv-b,FALSE,1262,1176,0.9318541996830428
2025-12-27,smart-tv-b,FALSE,1178,1056,0.8964346349745331
2025-12-28,smart-tv-b,FALSE,1198,1094,0.9131886477462438
2025-12-29,smart-tv-b,FALSE,1170,1059,0.9051282051282051
2025-12-30,smart-tv-b,FALSE,1190,1092,0.9176470588235294
2025-12-31,smart-tv-b,FALSE,1185,1085,0.9156118143459916
2026-01-01,smart-tv-b,FALSE,1186,1099,0.9266441821247892
2026-01-02,smart-tv-b,FALSE,1286,1175,0.9136858475894246
2026-01-03,smart-tv-b,FALSE,1205,1105,0.91701244813278
2026-01-04,smart-tv-b,FALSE,1148,1041,0.9067944250871081
2026-01-05,smart-tv-b,FALSE,1198,1095,0.9140233722871453
2026-01-06,smart-tv-b,FALSE,1144,1049,0.916958041958042
2026-01-07,smart-tv-b,FALSE,1201,1116,0.929225645295587
2026-01-08,smart-tv-b,FALSE,1255,1151,0.9171314741035856
2026-01-09,smart-tv-b,FALSE,1199,1093,0.9115929941618015
2026-01-10,smart-tv-b,FALSE,1181,1085,0.9187129551227773
2026-01-11,smart-tv-b,FALSE,1177,1064,0.9039932030586236
2026-01-12,smart-tv-b,FALSE,1214,1115,0.9184514003294892
2026-01-13,smart-tv-b,FALSE,1166,1067,0.9150943396226415
2026-01-14,smart-tv-b,FALSE,1216,1123,0.9235197368421053
2026-01-15,smart-tv-b,FALSE,1183,1089,0.9205409974640744
2026-01-16,smart-tv-b,FALSE,1186,1097,0.9249578414839797
2026-01-17,smart-tv-b,FALSE,1239,1132,0.9136400322841001
2026-01-18,smart-tv-b,FALSE,1166,1070,0.9176672384219554
2026-01-19,smart-tv-b,FALSE,1214,1118,0.9209225700164745
2026-01-20,smart-tv-b,FALSE,1225,1136,0.9273469387755102
2026-01-21,smart-tv-b,FALSE,1140,1053,0.9236842105263158
2026-01-22,smart-tv-b,FALSE,1198,1083,0.9040066777963273
2026-01-23,smart-tv-b,FALSE,1190,1092,0.9176470588235294
2026-01-24,smart-tv-b,FALSE,1245,1140,0.9156626506024096
2026-01-25,smart-tv-b,FALSE,1234,1145,0.9278768233387358
2026-01-26,smart-tv-b,FALSE,1193,1098,0.9203688181056161
2026-01-27,smart-tv-b,FALSE,1186,1067,0.8996627318718381
2026-01-28,smart-tv-b,FALSE,1254,1130,0.9011164274322169
2026-01-29,smart-tv-b,FALSE,1231,1118,0.9082047116165719
2026-01-30,smart-tv-b,FALSE,1213,1106,0.9117889530090684
2026-01-31,smart-tv-b,FALSE,1202,1105,0.9193011647254575
2026-02-01,smart-tv-b,FALSE,1236,1119,0.9053398058252428
2026-02-02,smart-tv-b,FALSE,1231,1132,0.9195775792038993
2026-02-03,smart-tv-b,FALSE,1228,1127,0.9177524429967426
2026-02-04,smart-tv-b,FALSE,1175,1081,0.92
2026-02-05,smart-tv-b,FALSE,1224,1120,0.9150326797385621
2026-02-06,smart-tv-b,FALSE,1185,1094,0.9232067510548523
2026-02-07,smart-tv-b,FALSE,1193,1107,0.9279128248113998
2026-02-08,smart-tv-b,FALSE,1207,1094,0.9063794531897266
2026-02-09,smart-tv-b,FALSE,1190,1086,0.9126050420168067
2026-02-10,smart-tv-b,FALSE,1172,1070,0.9129692832764505
2026-02-11,smart-tv-b,FALSE,1153,1041,0.9028620988725065
2026-02-12,smart-tv-b,FALSE,1191,1093,0.9177162048698573
2026-02-13,smart-tv-b,FALSE,1182,1086,0.9187817258883249
2026-02-14,smart-tv-b,FALSE,1148,1044,0.9094076655052264
2026-02-15,smart-tv-b,FALSE,1175,1074,0.9140425531914894
2026-02-16,smart-tv-b,FALSE,1275,1174,0.9207843137254902
2026-02-17,smart-tv-b,FALSE,1247,1138,0.9125902165196471
2026-02-18,smart-tv-b,FALSE,1186,1075,0.9064080944350759
2026-02-19,smart-tv-b,FALSE,1239,1145,0.9241323648103309
2026-02-20,smart-tv-b,FALSE,1190,1079,0.9067226890756303
2026-02-21,smart-tv-b,FALSE,1185,1080,0.9113924050632911
2026-02-22,smart-tv-b,FALSE,1198,1101,0.9190317195325542
2026-02-23,smart-tv-b,FALSE,1198,1110,0.9265442404006677
2026-02-24,smart-tv-b,FALSE,1133,1018,0.8984995586937334
2026-02-25,smart-tv-b,FALSE,1227,1138,0.9274653626731867
2026-02-26,smart-tv-b,FALSE,1181,1067,0.903471634208298
2026-02-27,smart-tv-b,FALSE,1200,1111,0.9258333333333333
2026-02-28,smart-tv-b,FALSE,1169,1070,0.9153122326775022
2026-03-01,smart-tv-b,FALSE,1193,1085,0.9094719195305951
2026-03-02,smart-tv-b,FALSE,1193,1094,0.9170159262363788
2026-03-03,smart-tv-b,FALSE,1168,1052,0.9006849315068494
2026-03-04,smart-tv-b,FALSE,1187,1087,0.9157540016849199
2026-03-05,smart-tv-b,FALSE,1229,1141,0.9283970707892596
2026-03-06,smart-tv-b,FALSE,1233,1140,0.9245742092457421
2026-03-07,smart-tv-b,FALSE,1185,1071,0.9037974683544304
2026-03-08,smart-tv-b,FALSE,1200,1086,0.905
2026-03-09,smart-tv-b,FALSE,1219,1120,0.918785890073831
2026-03-10,smart-tv-b,FALSE,1154,1063,0.9211438474870017
2026-03-11,smart-tv-b,FALSE,1183,1080,0.9129332206255283
2026-03-12,smart-tv-b,FALSE,1192,1083,0.9085570469798657
2026-03-13,smart-tv-b,FALSE,1173,1093,0.9317988064791134
2026-03-14,smart-tv-b,FALSE,1218,1129,0.9269293924466339
2026-03-15,smart-tv-b,FALSE,1180,1059,0.8974576271186441
2026-03-16,smart-tv-b,FALSE,1185,1097,0.9257383966244725
2026-03-17,smart-tv-b,FALSE,1264,1169,0.9248417721518988
2026-03-18,smart-tv-b,FALSE,1122,1038,0.9251336898395722
2026-03-19,smart-tv-b,FALSE,1254,1156,0.9218500797448166
2026-03-20,smart-tv-b,FALSE,1228,1133,0.9226384364820847
2026-03-21,smart-tv-b,FALSE,1155,1047,0.9064935064935065
2026-03-22,smart-tv-b,FALSE,1143,1052,0.9203849518810149
2026-03-23,smart-tv-b,FALSE,1202,1111,0.9242928452579035
2026-03-24,smart-tv-b,FALSE,1246,1148,0.9213483146067416
2026-03-25,smart-tv-b,FALSE,1218,1111,0.9121510673234812
2026-03-26,smart-tv-b,FALSE,1194,1100,0.9212730318257957
2026-03-27,smart-tv-b,FALSE,1257,1163,0.9252187748607796
2026-03-28,smart-tv-b,FALSE,1194,1062,0.8894472361809045
2026-03-29,smart-tv-b,FALSE,1194,1089,0.9120603015075377
2026-03-30,smart-tv-b,FALSE,1147,1045,0.9110723626852659
2026-03-31,smart-tv-b,FALSE,1207,1095,0.9072079536039768
2026-04-01,smart-tv-b,FALSE,1195,1104,0.9238493723849373
2026-04-02,smart-tv-b,FALSE,1191,1098,0.9219143576826196
2026-04-03,smart-tv-b,FALSE,1214,1113,0.9168039538714992
2026-04-04,smart-tv-b,FALSE,1222,1106,0.9050736497545008
2026-04-05,smart-tv-b,FALSE,1210,1100,0.9090909090909091
2026-04-06,smart-tv-b,FALSE,1224,1111,0.9076797385620915
2026-04-07,smart-tv-b,FALSE,1206,1110,0.9203980099502488
2026-04-08,smart-tv-b,FALSE,1212,1102,0.9092409240924092
2026-04-09,smart-tv-b,FALSE,1196,1095,0.9155518394648829
2026-04-10,smart-tv-b,FALSE,1199,1108,0.9241034195162635
2026-04-11,smart-tv-b,FALSE,1203,1089,0.9052369077306733
2026-04-12,smart-tv-b,FALSE,1238,1145,0.9248788368336026
2026-04-13,smart-tv-b,FALSE,1168,1059,0.9066780821917808
2026-04-14,smart-tv-b,FALSE,1200,1123,0.9358333333333333
2026-04-15,smart-tv-b,FALSE,1126,1010,0.8969804618117229
2026-04-16,smart-tv-b,FALSE,1207,1105,0.9154929577464789
2026-04-17,smart-tv-b,FALSE,1253,1147,0.9154030327214685
2026-04-18,smart-tv-b,FALSE,1262,1132,0.8969889064976229
2026-04-19,smart-tv-b,FALSE,1169,1067,0.9127459366980325
2026-04-20,smart-tv-b,FALSE,1167,1074,0.9203084832904884
2026-04-21,smart-tv-b,FALSE,1203,1096,0.9110556940980881
2026-04-22,smart-tv-b,FALSE,1194,1120,0.9380234505862647
2026-04-23,smart-tv-b,FALSE,1207,1110,0.9196354598177299
2026-04-24,smart-tv-b,FALSE,1177,1092,0.9277824978759558
2026-04-25,smart-tv-b,FALSE,1213,1112,0.9167353668590272
2026-04-26,smart-tv-b,FALSE,1145,1043,0.9109170305676856
2026-04-27,smart-tv-b,FALSE,1206,1108,0.9187396351575456
2026-04-28,smart-tv-b,FALSE,1197,1098,0.9172932330827067
2026-04-29,smart-tv-b,FALSE,1144,1025,0.8959790209790209
2026-04-30,smart-tv-b,FALSE,1238,1137,0.9184168012924071
2026-05-01,smart-tv-b,FALSE,1248,1142,0.9150641025641025
2026-05-02,smart-tv-b,FALSE,1221,1113,0.9115479115479116
2026-05-03,smart-tv-b,FALSE,1209,1100,0.9098428453267163
2026-05-04,smart-tv-b,FALSE,1217,1119,0.9194741166803615
2026-05-05,smart-tv-b,FALSE,1209,1107,0.9156327543424317
2026-05-06,smart-tv-b,FALSE,1158,1058,0.9136442141623489
2026-05-07,smart-tv-b,FALSE,1190,1095,0.9201680672268907
2026-05-08,smart-tv-b,FALSE,1232,1123,0.911525974025974
2026-05-09,smart-tv-b,FALSE,1157,1051,0.9083837510803803
2026-05-10,smart-tv-b,FALSE,1193,1075,0.901089689857502
2026-05-11,smart-tv-b,FALSE,1158,1065,0.9196891191709845
2026-05-12,smart-tv-b,FALSE,1187,1081,0.9106992417860151
2026-05-13,smart-tv-b,FALSE,1205,1095,0.9087136929460581
2026-05-14,smart-tv-b,FALSE,1269,1154,0.9093774625689519
2026-05-15,smart-tv-b,FALSE,1225,1129,0.9216326530612244
2026-05-16,smart-tv-b,FALSE,1141,1032,0.9044697633654689
2026-05-17,smart-tv-b,FALSE,1215,1102,0.9069958847736626
2026-05-18,smart-tv-b,FALSE,1195,1098,0.9188284518828452
2026-05-19,smart-tv-b,FALSE,1217,1111,0.9129005751848809
2026-05-20,smart-tv-b,FALSE,1191,1100,0.9235936188077246
2026-05-21,smart-tv-b,FALSE,1199,1120,0.9341117597998332
2026-05-22,smart-tv-b,FALSE,1175,1070,0.9106382978723404
2026-05-23,smart-tv-b,FALSE,1169,1057,0.9041916167664671
2026-05-24,smart-tv-b,FALSE,1271,1146,0.9016522423288749
2026-05-25,smart-tv-b,FALSE,1257,1171,0.9315831344470963
2026-05-26,smart-tv-b,FALSE,1175,1056,0.8987234042553192
2026-05-27,smart-tv-b,FALSE,1183,1087,0.9188503803888419
2026-05-28,smart-tv-b,FALSE,1242,1133,0.9122383252818036
2026-05-29,smart-tv-b,FALSE,1210,1110,0.9173553719008265
2026-05-30,smart-tv-b,FALSE,1178,1068,0.9066213921901528
2026-05-31,smart-tv-b,FALSE,1256,1144,0.910828025477707
2026-06-01,smart-tv-b,TRUE,1230,1118,0.9089430894308943
2026-06-02,smart-tv-b,TRUE,1242,1121,0.9025764895330113
2026-06-03,smart-tv-b,TRUE,1259,1146,0.9102462271644162
2026-06-04,smart-tv-b,TRUE,1189,1104,0.928511354079058
2026-06-05,smart-tv-b,TRUE,1173,1095,0.9335038363171355
2026-06-06,smart-tv-b,TRUE,1215,1126,0.9267489711934156
2026-06-07,smart-tv-b,TRUE,1182,1077,0.9111675126903553
2026-06-08,smart-tv-b,TRUE,1181,1078,0.9127857747671465
2026-06-09,smart-tv-b,TRUE,1212,1100,0.9075907590759076
2026-06-10,smart-tv-b,TRUE,1167,1057,0.9057412167952014
2026-06-11,smart-tv-b,TRUE,1201,1096,0.9125728559533722
2026-06-12,smart-tv-b,TRUE,1251,1134,0.9064748201438849
2026-06-13,smart-tv-b,TRUE,1223,1122,0.9174161896974653
2026-06-14,smart-tv-b,TRUE,1220,1099,0.9008196721311476
2026-06-15,smart-tv-b,TRUE,1149,1042,0.906875543951262
2026-06-16,smart-tv-b,TRUE,1203,1093,0.9085619285120532
2026-06-17,smart-tv-b,TRUE,1207,1088,0.9014084507042254
2026-06-18,smart-tv-b,TRUE,1281,1174,0.9164715066354411
2026-06-19,smart-tv-b,TRUE,1180,1082,0.9169491525423729
2026-06-20,smart-tv-b,TRUE,1165,1055,0.9055793991416309
2026-06-21,smart-tv-b,TRUE,1212,1088,0.8976897689768977
2026-06-22,smart-tv-b,TRUE,1199,1058,0.8824020016680567
2026-06-23,smart-tv-b,TRUE,1217,1117,0.9178307313064914
2026-06-24,smart-tv-b,TRUE,1184,1071,0.9045608108108109
2026-06-25,smart-tv-b,TRUE,1208,1116,0.9238410596026491
2026-06-26,smart-tv-b,TRUE,1202,1096,0.9118136439267887
2026-06-27,smart-tv-b,TRUE,1198,1092,0.9115191986644408
2026-06-28,smart-tv-b,TRUE,1228,1122,0.9136807817589576
2026-06-29,smart-tv-b,TRUE,1259,1142,0.9070691024622717
2026-06-30,smart-tv-b,TRUE,1192,1082,0.9077181208053692
2026-07-01,smart-tv-b,TRUE,1167,1063,0.9108826049700086
2026-07-02,smart-tv-b,TRUE,1202,1087,0.9043261231281198
2026-07-03,smart-tv-b,TRUE,1184,1075,0.9079391891891891
2026-07-04,smart-tv-b,TRUE,1153,1060,0.9193408499566349
2026-07-05,smart-tv-b,TRUE,1231,1117,0.9073923639317628
2026-07-06,smart-tv-b,TRUE,1219,1122,0.9204265791632485
2026-07-07,smart-tv-b,TRUE,1157,1051,0.9083837510803803
2026-07-08,smart-tv-b,TRUE,1154,1040,0.901213171577123
2026-07-09,smart-tv-b,TRUE,1202,1116,0.9284525790349417
2026-07-10,smart-tv-b,TRUE,1158,1060,0.9153713298791019
2026-07-11,smart-tv-b,TRUE,1263,1141,0.9034045922406968
2026-07-12,smart-tv-b,TRUE,1166,1036,0.888507718696398
2026-07-13,smart-tv-b,TRUE,1247,1127,0.9037690457097033
2026-07-14,smart-tv-b,TRUE,1188,1093,0.92003367003367
2026-07-15,smart-tv-b,TRUE,1203,1114,0.9260182876142976
2026-07-16,smart-tv-b,TRUE,1251,1121,0.8960831334932055
2026-07-17,smart-tv-b,TRUE,1219,1112,0.9122231337161608
2026-07-18,smart-tv-b,TRUE,1204,1085,0.9011627906976745
2026-07-19,smart-tv-b,TRUE,1263,1122,0.8883610451306413
2026-07-20,smart-tv-b,TRUE,1217,1118,0.9186524239934265
2026-07-21,smart-tv-b,TRUE,1223,1104,0.902698282910875
2026-07-22,smart-tv-b,TRUE,1200,1084,0.9033333333333333
2026-07-23,smart-tv-b,TRUE,1194,1088,0.9112227805695142
2026-07-24,smart-tv-b,TRUE,1187,1089,0.9174389216512215
2026-07-25,smart-tv-b,TRUE,1192,1092,0.9161073825503355
2026-07-26,smart-tv-b,TRUE,1207,1100,0.9113504556752279
2026-07-27,smart-tv-b,TRUE,1216,1107,0.9103618421052632
2026-07-28,smart-tv-b,TRUE,1218,1104,0.9064039408866995
2026-07-29,smart-tv-b,TRUE,1238,1135,0.9168012924071083
2026-07-30,smart-tv-b,TRUE,1217,1113,0.914543960558751
2026-07-31,smart-tv-b,TRUE,1157,1055,0.9118409680207433
2025-12-01,smart-tv-c,FALSE,762,742,0.973753280839895
2025-12-02,smart-tv-c,FALSE,703,689,0.9800853485064012
2025-12-03,smart-tv-c,FALSE,769,743,0.9661898569570871
2025-12-04,smart-tv-c,FALSE,740,709,0.9581081081081081
2025-12-05,smart-tv-c,FALSE,715,695,0.972027972027972
2025-12-06,smart-tv-c,FALSE,746,718,0.9624664879356568
2025-12-07,smart-tv-c,FALSE,772,741,0.9598445595854922
2025-12-08,smart-tv-c,FALSE,734,711,0.9686648501362398
2025-12-09,smart-tv-c,FALSE,752,731,0.9720744680851063
2025-12-10,smart-tv-c,FALSE,804,784,0.9751243781094527
2025-12-11,smart-tv-c,FALSE,713,687,0.9635343618513323
2025-12-12,smart-tv-c,FALSE,762,736,0.9658792650918635
2025-12-13,smart-tv-c,FALSE,743,720,0.9690444145356663
2025-12-14,smart-tv-c,FALSE,759,723,0.9525691699604744
2025-12-15,smart-tv-c,FALSE,772,747,0.9676165803108808
2025-12-16,smart-tv-c,FALSE,795,768,0.9660377358490566
2025-12-17,smart-tv-c,FALSE,770,743,0.964935064935065
2025-12-18,smart-tv-c,FALSE,771,755,0.9792477302204928
2025-12-19,smart-tv-c,FALSE,741,727,0.9811066126855601
2025-12-20,smart-tv-c,FALSE,775,750,0.967741935483871
2025-12-21,smart-tv-c,FALSE,779,755,0.9691912708600771
2025-12-22,smart-tv-c,FALSE,741,722,0.9743589743589743
2025-12-23,smart-tv-c,FALSE,779,763,0.9794608472400513
2025-12-24,smart-tv-c,FALSE,671,645,0.9612518628912071
2025-12-25,smart-tv-c,FALSE,724,702,0.9696132596685083
2025-12-26,smart-tv-c,FALSE,733,715,0.975443383356071
2025-12-27,smart-tv-c,FALSE,786,757,0.9631043256997456
2025-12-28,smart-tv-c,FALSE,768,739,0.9622395833333334
2025-12-29,smart-tv-c,FALSE,720,696,0.9666666666666667
2025-12-30,smart-tv-c,FALSE,721,707,0.9805825242718447
2025-12-31,smart-tv-c,FALSE,755,733,0.9708609271523179
2026-01-01,smart-tv-c,FALSE,653,633,0.9693721286370597
2026-01-02,smart-tv-c,FALSE,773,760,0.9831824062095731
2026-01-03,smart-tv-c,FALSE,772,746,0.966321243523316
2026-01-04,smart-tv-c,FALSE,752,726,0.9654255319148937
2026-01-05,smart-tv-c,FALSE,768,753,0.98046875
2026-01-06,smart-tv-c,FALSE,749,732,0.9773030707610146
2026-01-07,smart-tv-c,FALSE,728,716,0.9835164835164835
2026-01-08,smart-tv-c,FALSE,747,723,0.9678714859437751
2026-01-09,smart-tv-c,FALSE,702,681,0.9700854700854701
2026-01-10,smart-tv-c,FALSE,748,729,0.9745989304812834
2026-01-11,smart-tv-c,FALSE,728,709,0.9739010989010989
2026-01-12,smart-tv-c,FALSE,734,707,0.9632152588555858
2026-01-13,smart-tv-c,FALSE,754,728,0.9655172413793104
2026-01-14,smart-tv-c,FALSE,764,744,0.9738219895287958
2026-01-15,smart-tv-c,FALSE,753,729,0.9681274900398407
2026-01-16,smart-tv-c,FALSE,706,685,0.9702549575070821
2026-01-17,smart-tv-c,FALSE,703,673,0.957325746799431
2026-01-18,smart-tv-c,FALSE,787,756,0.9606099110546379
2026-01-19,smart-tv-c,FALSE,735,715,0.9727891156462585
2026-01-20,smart-tv-c,FALSE,726,709,0.9765840220385675
2026-01-21,smart-tv-c,FALSE,772,750,0.9715025906735751
2026-01-22,smart-tv-c,FALSE,795,770,0.9685534591194969
2026-01-23,smart-tv-c,FALSE,777,753,0.9691119691119691
2026-01-24,smart-tv-c,FALSE,764,735,0.9620418848167539
2026-01-25,smart-tv-c,FALSE,696,665,0.9554597701149425
2026-01-26,smart-tv-c,FALSE,740,710,0.9594594594594594
2026-01-27,smart-tv-c,FALSE,727,703,0.9669876203576341
2026-01-28,smart-tv-c,FALSE,768,754,0.9817708333333334
2026-01-29,smart-tv-c,FALSE,766,746,0.9738903394255874
2026-01-30,smart-tv-c,FALSE,766,750,0.97911227154047
2026-01-31,smart-tv-c,FALSE,770,741,0.9623376623376624
2026-02-01,smart-tv-c,FALSE,693,670,0.9668109668109668
2026-02-02,smart-tv-c,FALSE,714,700,0.9803921568627451
2026-02-03,smart-tv-c,FALSE,735,720,0.9795918367346939
2026-02-04,smart-tv-c,FALSE,731,704,0.9630642954856361
2026-02-05,smart-tv-c,FALSE,737,716,0.9715061058344641
2026-02-06,smart-tv-c,FALSE,733,719,0.9809004092769441
2026-02-07,smart-tv-c,FALSE,737,708,0.9606512890094979
2026-02-08,smart-tv-c,FALSE,724,699,0.9654696132596685
2026-02-09,smart-tv-c,FALSE,754,733,0.9721485411140584
2026-02-10,smart-tv-c,FALSE,788,768,0.9746192893401016
2026-02-11,smart-tv-c,FALSE,700,677,0.9671428571428572
2026-02-12,smart-tv-c,FALSE,730,714,0.9780821917808219
2026-02-13,smart-tv-c,FALSE,741,723,0.9757085020242915
2026-02-14,smart-tv-c,FALSE,776,749,0.9652061855670103
2026-02-15,smart-tv-c,FALSE,703,678,0.9644381223328592
2026-02-16,smart-tv-c,FALSE,727,704,0.9683631361760661
2026-02-17,smart-tv-c,FALSE,745,728,0.9771812080536912
2026-02-18,smart-tv-c,FALSE,761,739,0.9710906701708278
2026-02-19,smart-tv-c,FALSE,714,696,0.9747899159663865
2026-02-20,smart-tv-c,FALSE,753,734,0.9747675962815405
2026-02-21,smart-tv-c,FALSE,751,725,0.9653794940079894
2026-02-22,smart-tv-c,FALSE,702,676,0.9629629629629629
2026-02-23,smart-tv-c,FALSE,751,731,0.9733688415446072
2026-02-24,smart-tv-c,FALSE,766,739,0.9647519582245431
2026-02-25,smart-tv-c,FALSE,737,705,0.9565807327001357
2026-02-26,smart-tv-c,FALSE,744,725,0.9744623655913979
2026-02-27,smart-tv-c,FALSE,704,680,0.9659090909090909
2026-02-28,smart-tv-c,FALSE,754,733,0.9721485411140584
2026-03-01,smart-tv-c,FALSE,772,749,0.9702072538860104
2026-03-02,smart-tv-c,FALSE,744,730,0.9811827956989247
2026-03-03,smart-tv-c,FALSE,779,751,0.9640564826700898
2026-03-04,smart-tv-c,FALSE,716,698,0.9748603351955307
2026-03-05,smart-tv-c,FALSE,764,728,0.9528795811518325
2026-03-06,smart-tv-c,FALSE,750,729,0.972
2026-03-07,smart-tv-c,FALSE,778,751,0.9652956298200515
2026-03-08,smart-tv-c,FALSE,736,706,0.9592391304347826
2026-03-09,smart-tv-c,FALSE,771,746,0.9675745784695201
2026-03-10,smart-tv-c,FALSE,765,742,0.9699346405228758
2026-03-11,smart-tv-c,FALSE,766,739,0.9647519582245431
2026-03-12,smart-tv-c,FALSE,746,726,0.9731903485254692
2026-03-13,smart-tv-c,FALSE,722,692,0.9584487534626038
2026-03-14,smart-tv-c,FALSE,754,722,0.9575596816976127
2026-03-15,smart-tv-c,FALSE,775,751,0.9690322580645161
2026-03-16,smart-tv-c,FALSE,758,727,0.9591029023746702
2026-03-17,smart-tv-c,FALSE,761,742,0.9750328515111695
2026-03-18,smart-tv-c,FALSE,719,697,0.9694019471488178
2026-03-19,smart-tv-c,FALSE,753,732,0.9721115537848606
2026-03-20,smart-tv-c,FALSE,742,724,0.9757412398921833
2026-03-21,smart-tv-c,FALSE,739,718,0.9715832205683356
2026-03-22,smart-tv-c,FALSE,747,730,0.9772423025435074
2026-03-23,smart-tv-c,FALSE,696,680,0.9770114942528736
2026-03-24,smart-tv-c,FALSE,754,736,0.9761273209549072
2026-03-25,smart-tv-c,FALSE,720,699,0.9708333333333333
2026-03-26,smart-tv-c,FALSE,757,739,0.9762219286657859
2026-03-27,smart-tv-c,FALSE,732,714,0.9754098360655737
2026-03-28,smart-tv-c,FALSE,804,781,0.9713930348258707
2026-03-29,smart-tv-c,FALSE,751,725,0.9653794940079894
2026-03-30,smart-tv-c,FALSE,738,715,0.9688346883468835
2026-03-31,smart-tv-c,FALSE,799,767,0.9599499374217773
2026-04-01,smart-tv-c,FALSE,751,729,0.9707057256990679
2026-04-02,smart-tv-c,FALSE,759,735,0.9683794466403162
2026-04-03,smart-tv-c,FALSE,745,720,0.9664429530201343
2026-04-04,smart-tv-c,FALSE,739,714,0.9661705006765899
2026-04-05,smart-tv-c,FALSE,796,769,0.9660804020100503
2026-04-06,smart-tv-c,FALSE,795,780,0.9811320754716981
2026-04-07,smart-tv-c,FALSE,786,767,0.9758269720101781
2026-04-08,smart-tv-c,FALSE,788,760,0.9644670050761421
2026-04-09,smart-tv-c,FALSE,746,721,0.9664879356568364
2026-04-10,smart-tv-c,FALSE,774,753,0.9728682170542635
2026-04-11,smart-tv-c,FALSE,736,708,0.9619565217391305
2026-04-12,smart-tv-c,FALSE,777,749,0.963963963963964
2026-04-13,smart-tv-c,FALSE,781,752,0.9628681177976952
2026-04-14,smart-tv-c,FALSE,742,715,0.9636118598382749
2026-04-15,smart-tv-c,FALSE,737,718,0.9742198100407056
2026-04-16,smart-tv-c,FALSE,784,758,0.9668367346938775
2026-04-17,smart-tv-c,FALSE,812,790,0.9729064039408867
2026-04-18,smart-tv-c,FALSE,726,708,0.9752066115702479
2026-04-19,smart-tv-c,FALSE,743,720,0.9690444145356663
2026-04-20,smart-tv-c,FALSE,741,718,0.9689608636977058
2026-04-21,smart-tv-c,FALSE,764,745,0.975130890052356
2026-04-22,smart-tv-c,FALSE,788,758,0.9619289340101523
2026-04-23,smart-tv-c,FALSE,780,754,0.9666666666666667
2026-04-24,smart-tv-c,FALSE,749,730,0.9746328437917223
2026-04-25,smart-tv-c,FALSE,775,750,0.967741935483871
2026-04-26,smart-tv-c,FALSE,771,746,0.9675745784695201
2026-04-27,smart-tv-c,FALSE,752,727,0.9667553191489362
2026-04-28,smart-tv-c,FALSE,750,728,0.9706666666666667
2026-04-29,smart-tv-c,FALSE,792,774,0.9772727272727273
2026-04-30,smart-tv-c,FALSE,684,664,0.9707602339181286
2026-05-01,smart-tv-c,FALSE,736,722,0.9809782608695652
2026-05-02,smart-tv-c,FALSE,702,680,0.9686609686609686
2026-05-03,smart-tv-c,FALSE,766,747,0.9751958224543081
2026-05-04,smart-tv-c,FALSE,791,765,0.9671302149178256
2026-05-05,smart-tv-c,FALSE,759,739,0.9736495388669302
2026-05-06,smart-tv-c,FALSE,795,772,0.9710691823899371
2026-05-07,smart-tv-c,FALSE,752,735,0.9773936170212766
2026-05-08,smart-tv-c,FALSE,769,739,0.9609882964889467
2026-05-09,smart-tv-c,FALSE,765,745,0.9738562091503268
2026-05-10,smart-tv-c,FALSE,773,753,0.9741267787839586
2026-05-11,smart-tv-c,FALSE,741,716,0.9662618083670715
2026-05-12,smart-tv-c,FALSE,795,768,0.9660377358490566
2026-05-13,smart-tv-c,FALSE,763,746,0.9777195281782438
2026-05-14,smart-tv-c,FALSE,774,750,0.9689922480620154
2026-05-15,smart-tv-c,FALSE,798,773,0.968671679197995
2026-05-16,smart-tv-c,FALSE,753,734,0.9747675962815405
2026-05-17,smart-tv-c,FALSE,757,731,0.9656538969616909
2026-05-18,smart-tv-c,FALSE,779,749,0.9614890885750963
2026-05-19,smart-tv-c,FALSE,750,734,0.9786666666666667
2026-05-20,smart-tv-c,FALSE,760,736,0.968421052631579
2026-05-21,smart-tv-c,FALSE,735,718,0.9768707482993197
2026-05-22,smart-tv-c,FALSE,767,746,0.9726205997392438
2026-05-23,smart-tv-c,FALSE,716,690,0.9636871508379888
2026-05-24,smart-tv-c,FALSE,771,747,0.9688715953307393
2026-05-25,smart-tv-c,FALSE,732,714,0.9754098360655737
2026-05-26,smart-tv-c,FALSE,774,748,0.9664082687338501
2026-05-27,smart-tv-c,FALSE,744,718,0.9650537634408602
2026-05-28,smart-tv-c,FALSE,739,710,0.9607577807848444
2026-05-29,smart-tv-c,FALSE,725,699,0.9641379310344828
2026-05-30,smart-tv-c,FALSE,736,714,0.970108695652174
2026-05-31,smart-tv-c,FALSE,755,724,0.9589403973509933
2026-06-01,smart-tv-c,TRUE,760,731,0.9618421052631579
2026-06-02,smart-tv-c,TRUE,737,713,0.9674355495251018
2026-06-03,smart-tv-c,TRUE,757,733,0.9682959048877147
2026-06-04,smart-tv-c,TRUE,780,752,0.9641025641025641
2026-06-05,smart-tv-c,TRUE,741,719,0.970310391363023
2026-06-06,smart-tv-c,TRUE,780,763,0.9782051282051282
2026-06-07,smart-tv-c,TRUE,766,740,0.9660574412532638
2026-06-08,smart-tv-c,TRUE,751,716,0.9533954727030626
2026-06-09,smart-tv-c,TRUE,753,730,0.9694555112881806
2026-06-10,smart-tv-c,TRUE,747,721,0.965194109772423
2026-06-11,smart-tv-c,TRUE,757,734,0.9696169088507266
2026-06-12,smart-tv-c,TRUE,755,726,0.9615894039735099
2026-06-13,smart-tv-c,TRUE,787,761,0.9669631512071156
2026-06-14,smart-tv-c,TRUE,774,747,0.9651162790697675
2026-06-15,smart-tv-c,TRUE,750,729,0.972
2026-06-16,smart-tv-c,TRUE,705,677,0.9602836879432625
2026-06-17,smart-tv-c,TRUE,768,736,0.9583333333333334
2026-06-18,smart-tv-c,TRUE,753,726,0.9641434262948207
2026-06-19,smart-tv-c,TRUE,746,725,0.9718498659517426
2026-06-20,smart-tv-c,TRUE,757,730,0.964332892998679
2026-06-21,smart-tv-c,TRUE,732,713,0.9740437158469946
2026-06-22,smart-tv-c,TRUE,741,716,0.9662618083670715
2026-06-23,smart-tv-c,TRUE,717,692,0.9651324965132496
2026-06-24,smart-tv-c,TRUE,758,737,0.9722955145118733
2026-06-25,smart-tv-c,TRUE,760,735,0.9671052631578947
2026-06-26,smart-tv-c,TRUE,713,693,0.9719495091164095
2026-06-27,smart-tv-c,TRUE,737,701,0.9511533242876526
2026-06-28,smart-tv-c,TRUE,733,700,0.9549795361527967
2026-06-29,smart-tv-c,TRUE,766,731,0.9543080939947781
2026-06-30,smart-tv-c,TRUE,758,737,0.9722955145118733
2026-07-01,smart-tv-c,TRUE,797,778,0.9761606022584692
2026-07-02,smart-tv-c,TRUE,725,701,0.9668965517241379
2026-07-03,smart-tv-c,TRUE,793,770,0.9709962168978562
2026-07-04,smart-tv-c,TRUE,752,718,0.9547872340425532
2026-07-05,smart-tv-c,TRUE,775,751,0.9690322580645161
2026-07-06,smart-tv-c,TRUE,759,736,0.9696969696969697
2026-07-07,smart-tv-c,TRUE,743,723,0.9730820995962315
2026-07-08,smart-tv-c,TRUE,790,759,0.9607594936708861
2026-07-09,smart-tv-c,TRUE,793,766,0.9659520807061791
2026-07-10,smart-tv-c,TRUE,729,701,0.9615912208504801
2026-07-11,smart-tv-c,TRUE,750,731,0.9746666666666667
2026-07-12,smart-tv-c,TRUE,744,722,0.9704301075268817
2026-07-13,smart-tv-c,TRUE,738,719,0.9742547425474255
2026-07-14,smart-tv-c,TRUE,786,760,0.9669211195928753
2026-07-15,smart-tv-c,TRUE,777,749,0.963963963963964
2026-07-16,smart-tv-c,TRUE,748,719,0.9612299465240641
2026-07-17,smart-tv-c,TRUE,748,726,0.9705882352941176
2026-07-18,smart-tv-c,TRUE,768,731,0.9518229166666666
2026-07-19,smart-tv-c,TRUE,728,705,0.9684065934065934
2026-07-20,smart-tv-c,TRUE,738,714,0.967479674796748
2026-07-21,smart-tv-c,TRUE,759,727,0.9578392621870883
2026-07-22,smart-tv-c,TRUE,771,743,0.9636835278858625
2026-07-23,smart-tv-c,TRUE,747,723,0.9678714859437751
2026-07-24,smart-tv-c,TRUE,739,714,0.9661705006765899
2026-07-25,smart-tv-c,TRUE,725,702,0.9682758620689655
2026-07-26,smart-tv-c,TRUE,737,714,0.9687924016282226
2026-07-27,smart-tv-c,TRUE,762,733,0.9619422572178478
2026-07-28,smart-tv-c,TRUE,742,719,0.9690026954177897
2026-07-29,smart-tv-c,TRUE,823,798,0.9696233292831106
2026-07-30,smart-tv-c,TRUE,793,771,0.9722572509457755
2026-07-31,smart-tv-c,TRUE,768,742,0.9661458333333334
2025-12-01,streaming-stick,FALSE,452,437,0.9668141592920354
2025-12-02,streaming-stick,FALSE,440,430,0.9772727272727273
2025-12-03,streaming-stick,FALSE,452,430,0.9513274336283186
2025-12-04,streaming-stick,FALSE,426,411,0.9647887323943662
2025-12-05,streaming-stick,FALSE,454,438,0.9647577092511013
2025-12-06,streaming-stick,FALSE,468,452,0.9658119658119658
2025-12-07,streaming-stick,FALSE,479,458,0.9561586638830898
2025-12-08,streaming-stick,FALSE,449,433,0.9643652561247216
2025-12-09,streaming-stick,FALSE,454,444,0.9779735682819384
2025-12-10,streaming-stick,FALSE,390,380,0.9743589743589743
2025-12-11,streaming-stick,FALSE,408,401,0.9828431372549019
2025-12-12,streaming-stick,FALSE,496,476,0.9596774193548387
2025-12-13,streaming-stick,FALSE,425,418,0.9835294117647059
2025-12-14,streaming-stick,FALSE,481,467,0.9708939708939709
2025-12-15,streaming-stick,FALSE,449,434,0.9665924276169265
2025-12-16,streaming-stick,FALSE,477,461,0.9664570230607966
2025-12-17,streaming-stick,FALSE,441,428,0.9705215419501134
2025-12-18,streaming-stick,FALSE,429,415,0.9673659673659674
2025-12-19,streaming-stick,FALSE,453,443,0.977924944812362
2025-12-20,streaming-stick,FALSE,464,446,0.9612068965517241
2025-12-21,streaming-stick,FALSE,457,446,0.975929978118162
2025-12-22,streaming-stick,FALSE,457,445,0.973741794310722
2025-12-23,streaming-stick,FALSE,453,443,0.977924944812362
2025-12-24,streaming-stick,FALSE,466,456,0.9785407725321889
2025-12-25,streaming-stick,FALSE,447,440,0.9843400447427293
2025-12-26,streaming-stick,FALSE,449,436,0.9710467706013363
2025-12-27,streaming-stick,FALSE,441,426,0.9659863945578231
2025-12-28,streaming-stick,FALSE,397,381,0.9596977329974811
2025-12-29,streaming-stick,FALSE,442,425,0.9615384615384616
2025-12-30,streaming-stick,FALSE,475,466,0.9810526315789474
2025-12-31,streaming-stick,FALSE,482,472,0.979253112033195
2026-01-01,streaming-stick,FALSE,455,437,0.9604395604395605
2026-01-02,streaming-stick,FALSE,417,406,0.973621103117506
2026-01-03,streaming-stick,FALSE,454,440,0.9691629955947136
2026-01-04,streaming-stick,FALSE,422,409,0.9691943127962085
2026-01-05,streaming-stick,FALSE,448,435,0.9709821428571429
2026-01-06,streaming-stick,FALSE,436,422,0.9678899082568807
2026-01-07,streaming-stick,FALSE,457,447,0.9781181619256017
2026-01-08,streaming-stick,FALSE,484,471,0.9731404958677686
2026-01-09,streaming-stick,FALSE,447,435,0.9731543624161074
2026-01-10,streaming-stick,FALSE,460,445,0.967391304347826
2026-01-11,streaming-stick,FALSE,440,430,0.9772727272727273
2026-01-12,streaming-stick,FALSE,437,421,0.9633867276887872
2026-01-13,streaming-stick,FALSE,473,464,0.9809725158562368
2026-01-14,streaming-stick,FALSE,459,446,0.971677559912854
2026-01-15,streaming-stick,FALSE,452,441,0.9756637168141593
2026-01-16,streaming-stick,FALSE,471,457,0.970276008492569
2026-01-17,streaming-stick,FALSE,450,434,0.9644444444444444
2026-01-18,streaming-stick,FALSE,468,453,0.967948717948718
2026-01-19,streaming-stick,FALSE,467,457,0.9785867237687366
2026-01-20,streaming-stick,FALSE,435,422,0.9701149425287356
2026-01-21,streaming-stick,FALSE,440,427,0.9704545454545455
2026-01-22,streaming-stick,FALSE,470,454,0.9659574468085106
2026-01-23,streaming-stick,FALSE,441,429,0.9727891156462585
2026-01-24,streaming-stick,FALSE,416,403,0.96875
2026-01-25,streaming-stick,FALSE,464,450,0.9698275862068966
2026-01-26,streaming-stick,FALSE,469,454,0.9680170575692963
2026-01-27,streaming-stick,FALSE,460,450,0.9782608695652174
2026-01-28,streaming-stick,FALSE,457,443,0.9693654266958425
2026-01-29,streaming-stick,FALSE,470,464,0.9872340425531915
2026-01-30,streaming-stick,FALSE,465,453,0.9741935483870968
2026-01-31,streaming-stick,FALSE,456,444,0.9736842105263158
2026-02-01,streaming-stick,FALSE,454,441,0.9713656387665198
2026-02-02,streaming-stick,FALSE,479,464,0.9686847599164927
2026-02-03,streaming-stick,FALSE,511,499,0.9765166340508806
2026-02-04,streaming-stick,FALSE,452,440,0.9734513274336283
2026-02-05,streaming-stick,FALSE,448,434,0.96875
2026-02-06,streaming-stick,FALSE,425,414,0.9741176470588235
2026-02-07,streaming-stick,FALSE,451,438,0.9711751662971175
2026-02-08,streaming-stick,FALSE,452,442,0.9778761061946902
2026-02-09,streaming-stick,FALSE,462,446,0.9653679653679653
2026-02-10,streaming-stick,FALSE,477,462,0.9685534591194969
2026-02-11,streaming-stick,FALSE,471,457,0.970276008492569
2026-02-12,streaming-stick,FALSE,446,435,0.9753363228699552
2026-02-13,streaming-stick,FALSE,481,465,0.9667359667359667
2026-02-14,streaming-stick,FALSE,416,401,0.9639423076923077
2026-02-15,streaming-stick,FALSE,465,452,0.9720430107526882
2026-02-16,streaming-stick,FALSE,427,414,0.9695550351288056
2026-02-17,streaming-stick,FALSE,473,457,0.9661733615221987
2026-02-18,streaming-stick,FALSE,435,424,0.9747126436781609
2026-02-19,streaming-stick,FALSE,487,479,0.9835728952772074
2026-02-20,streaming-stick,FALSE,465,445,0.956989247311828
2026-02-21,streaming-stick,FALSE,510,492,0.9647058823529412
2026-02-22,streaming-stick,FALSE,465,454,0.9763440860215054
2026-02-23,streaming-stick,FALSE,443,431,0.9729119638826185
2026-02-24,streaming-stick,FALSE,450,436,0.9688888888888889
2026-02-25,streaming-stick,FALSE,480,463,0.9645833333333333
2026-02-26,streaming-stick,FALSE,461,446,0.9674620390455532
2026-02-27,streaming-stick,FALSE,492,481,0.9776422764227642
2026-02-28,streaming-stick,FALSE,447,428,0.9574944071588367
2026-03-01,streaming-stick,FALSE,458,446,0.9737991266375546
2026-03-02,streaming-stick,FALSE,443,431,0.9729119638826185
2026-03-03,streaming-stick,FALSE,414,407,0.9830917874396136
2026-03-04,streaming-stick,FALSE,462,452,0.9783549783549783
2026-03-05,streaming-stick,FALSE,460,444,0.9652173913043478
2026-03-06,streaming-stick,FALSE,446,437,0.9798206278026906
2026-03-07,streaming-stick,FALSE,464,447,0.9633620689655172
2026-03-08,streaming-stick,FALSE,430,410,0.9534883720930233
2026-03-09,streaming-stick,FALSE,463,452,0.9762419006479481
2026-03-10,streaming-stick,FALSE,491,476,0.9694501018329938
2026-03-11,streaming-stick,FALSE,456,440,0.9649122807017544
2026-03-12,streaming-stick,FALSE,492,477,0.9695121951219512
2026-03-13,streaming-stick,FALSE,460,446,0.9695652173913043
2026-03-14,streaming-stick,FALSE,461,449,0.9739696312364425
2026-03-15,streaming-stick,FALSE,445,427,0.9595505617977528
2026-03-16,streaming-stick,FALSE,412,404,0.9805825242718447
2026-03-17,streaming-stick,FALSE,446,434,0.9730941704035875
2026-03-18,streaming-stick,FALSE,427,412,0.9648711943793911
2026-03-19,streaming-stick,FALSE,448,433,0.9665178571428571
2026-03-20,streaming-stick,FALSE,437,427,0.977116704805492
2026-03-21,streaming-stick,FALSE,462,447,0.9675324675324676
2026-03-22,streaming-stick,FALSE,456,437,0.9583333333333334
2026-03-23,streaming-stick,FALSE,455,442,0.9714285714285714
2026-03-24,streaming-stick,FALSE,443,427,0.963882618510158
2026-03-25,streaming-stick,FALSE,463,449,0.9697624190064795
2026-03-26,streaming-stick,FALSE,461,453,0.982646420824295
2026-03-27,streaming-stick,FALSE,466,451,0.9678111587982833
2026-03-28,streaming-stick,FALSE,471,455,0.9660297239915074
2026-03-29,streaming-stick,FALSE,472,460,0.9745762711864406
2026-03-30,streaming-stick,FALSE,451,431,0.9556541019955654
2026-03-31,streaming-stick,FALSE,480,469,0.9770833333333333
2026-04-01,streaming-stick,FALSE,488,474,0.9713114754098361
2026-04-02,streaming-stick,FALSE,453,441,0.9735099337748344
2026-04-03,streaming-stick,FALSE,462,450,0.974025974025974
2026-04-04,streaming-stick,FALSE,439,429,0.9772209567198178
2026-04-05,streaming-stick,FALSE,486,465,0.9567901234567902
2026-04-06,streaming-stick,FALSE,469,458,0.976545842217484
2026-04-07,streaming-stick,FALSE,454,448,0.986784140969163
2026-04-08,streaming-stick,FALSE,458,437,0.9541484716157205
2026-04-09,streaming-stick,FALSE,448,436,0.9732142857142857
2026-04-10,streaming-stick,FALSE,416,407,0.9783653846153846
2026-04-11,streaming-stick,FALSE,460,444,0.9652173913043478
2026-04-12,streaming-stick,FALSE,443,428,0.9661399548532731
2026-04-13,streaming-stick,FALSE,439,422,0.9612756264236902
2026-04-14,streaming-stick,FALSE,445,434,0.9752808988764045
2026-04-15,streaming-stick,FALSE,416,401,0.9639423076923077
2026-04-16,streaming-stick,FALSE,448,433,0.9665178571428571
2026-04-17,streaming-stick,FALSE,446,436,0.9775784753363229
2026-04-18,streaming-stick,FALSE,436,426,0.9770642201834863
2026-04-19,streaming-stick,FALSE,412,397,0.9635922330097088
2026-04-20,streaming-stick,FALSE,464,450,0.9698275862068966
2026-04-21,streaming-stick,FALSE,436,429,0.9839449541284404
2026-04-22,streaming-stick,FALSE,444,430,0.9684684684684685
2026-04-23,streaming-stick,FALSE,436,419,0.9610091743119266
2026-04-24,streaming-stick,FALSE,458,438,0.9563318777292577
2026-04-25,streaming-stick,FALSE,453,438,0.9668874172185431
2026-04-26,streaming-stick,FALSE,458,444,0.9694323144104804
2026-04-27,streaming-stick,FALSE,466,446,0.9570815450643777
2026-04-28,streaming-stick,FALSE,447,437,0.9776286353467561
2026-04-29,streaming-stick,FALSE,474,459,0.9683544303797469
2026-04-30,streaming-stick,FALSE,460,454,0.9869565217391304
2026-05-01,streaming-stick,FALSE,448,440,0.9821428571428571
2026-05-02,streaming-stick,FALSE,459,450,0.9803921568627451
2026-05-03,streaming-stick,FALSE,417,403,0.9664268585131894
2026-05-04,streaming-stick,FALSE,468,458,0.9786324786324786
2026-05-05,streaming-stick,FALSE,476,465,0.976890756302521
2026-05-06,streaming-stick,FALSE,456,443,0.9714912280701754
2026-05-07,streaming-stick,FALSE,454,444,0.9779735682819384
2026-05-08,streaming-stick,FALSE,461,443,0.9609544468546638
2026-05-09,streaming-stick,FALSE,429,417,0.972027972027972
2026-05-10,streaming-stick,FALSE,409,396,0.9682151589242054
2026-05-11,streaming-stick,FALSE,432,418,0.9675925925925926
2026-05-12,streaming-stick,FALSE,480,462,0.9625
2026-05-13,streaming-stick,FALSE,469,457,0.9744136460554371
2026-05-14,streaming-stick,FALSE,471,457,0.970276008492569
2026-05-15,streaming-stick,FALSE,411,402,0.9781021897810219
2026-05-16,streaming-stick,FALSE,448,435,0.9709821428571429
2026-05-17,streaming-stick,FALSE,444,429,0.9662162162162162
2026-05-18,streaming-stick,FALSE,435,426,0.9793103448275862
2026-05-19,streaming-stick,FALSE,476,463,0.9726890756302521
2026-05-20,streaming-stick,FALSE,432,420,0.9722222222222222
2026-05-21,streaming-stick,FALSE,476,456,0.957983193277311
2026-05-22,streaming-stick,FALSE,439,428,0.9749430523917996
2026-05-23,streaming-stick,FALSE,437,424,0.9702517162471396
2026-05-24,streaming-stick,FALSE,444,429,0.9662162162162162
2026-05-25,streaming-stick,FALSE,433,420,0.9699769053117783
2026-05-26,streaming-stick,FALSE,445,433,0.9730337078651685
2026-05-27,streaming-stick,FALSE,456,448,0.9824561403508771
2026-05-28,streaming-stick,FALSE,449,431,0.95991091314031185
2026-05-29,streaming-stick,FALSE,442,429,0.9705882352941176
2026-05-30,streaming-stick,FALSE,456,435,0.9539473684210527
2026-05-31,streaming-stick,FALSE,489,477,0.9754601226993865
2026-06-01,streaming-stick,TRUE,467,447,0.9571734475374732
2026-06-02,streaming-stick,TRUE,460,448,0.9739130434782609
2026-06-03,streaming-stick,TRUE,469,453,0.9658848614072495
2026-06-04,streaming-stick,TRUE,459,450,0.9803921568627451
2026-06-05,streaming-stick,TRUE,436,425,0.9747706422018348
2026-06-06,streaming-stick,TRUE,404,392,0.9702970297029703
2026-06-07,streaming-stick,TRUE,429,418,0.9743589743589743
2026-06-08,streaming-stick,TRUE,431,415,0.962877030162413
2026-06-09,streaming-stick,TRUE,437,428,0.9794050343249427
2026-06-10,streaming-stick,TRUE,443,428,0.9661399548532731
2026-06-11,streaming-stick,TRUE,460,449,0.9760869565217392
2026-06-12,streaming-stick,TRUE,419,405,0.9665871121718377
2026-06-13,streaming-stick,TRUE,431,416,0.9651972157772621
2026-06-14,streaming-stick,TRUE,450,441,0.98
2026-06-15,streaming-stick,TRUE,451,446,0.9889135254988913
2026-06-16,streaming-stick,TRUE,395,381,0.9645569620253165
2026-06-17,streaming-stick,TRUE,434,417,0.9608294930875576
2026-06-18,streaming-stick,TRUE,459,439,0.9564270152505446
2026-06-19,streaming-stick,TRUE,457,446,0.975929978118162
2026-06-20,streaming-stick,TRUE,458,441,0.962882096069869
2026-06-21,streaming-stick,TRUE,441,429,0.9727891156462585
2026-06-22,streaming-stick,TRUE,455,433,0.9516483516483516
2026-06-23,streaming-stick,TRUE,471,453,0.9617834394904459
2026-06-24,streaming-stick,TRUE,425,414,0.9741176470588235
2026-06-25,streaming-stick,TRUE,442,431,0.9751131221719457
2026-06-26,streaming-stick,TRUE,460,452,0.9826086956521739
2026-06-27,streaming-stick,TRUE,475,462,0.9726315789473684
2026-06-28,streaming-stick,TRUE,407,398,0.9778869778869779
2026-06-29,streaming-stick,TRUE,445,430,0.9662921348314607
2026-06-30,streaming-stick,TRUE,430,423,0.9837209302325581
2026-07-01,streaming-stick,TRUE,463,444,0.958963282937365
2026-07-02,streaming-stick,TRUE,445,430,0.9662921348314607
2026-07-03,streaming-stick,TRUE,455,437,0.9604395604395605
2026-07-04,streaming-stick,TRUE,469,457,0.9744136460554371
2026-07-05,streaming-stick,TRUE,447,432,0.9664429530201343
2026-07-06,streaming-stick,TRUE,448,430,0.9598214285714286
2026-07-07,streaming-stick,TRUE,409,400,0.9779951100244498
2026-07-08,streaming-stick,TRUE,434,419,0.9654377880184332
2026-07-09,streaming-stick,TRUE,445,428,0.9617977528089887
2026-07-10,streaming-stick,TRUE,435,422,0.9701149425287356
2026-07-11,streaming-stick,TRUE,451,436,0.9667405764966741
2026-07-12,streaming-stick,TRUE,394,377,0.9568527918781726
2026-07-13,streaming-stick,TRUE,478,466,0.9748953974895398
2026-07-14,streaming-stick,TRUE,451,439,0.9733924611973392
2026-07-15,streaming-stick,TRUE,453,442,0.9757174392935982
2026-07-16,streaming-stick,TRUE,457,443,0.9693654266958425
2026-07-17,streaming-stick,TRUE,465,452,0.9720430107526882
2026-07-18,streaming-stick,TRUE,440,425,0.9659090909090909
2026-07-19,streaming-stick,TRUE,461,450,0.9761388286334056
2026-07-20,streaming-stick,TRUE,466,453,0.9721030042918455
2026-07-21,streaming-stick,TRUE,446,438,0.9820627802690582
2026-07-22,streaming-stick,TRUE,474,461,0.9725738396624473
2026-07-23,streaming-stick,TRUE,432,419,0.9699074074074074
2026-07-24,streaming-stick,TRUE,427,415,0.9718969555035128
2026-07-25,streaming-stick,TRUE,460,450,0.9782608695652174
2026-07-26,streaming-stick,TRUE,419,401,0.9570405727923628
2026-07-27,streaming-stick,TRUE,432,418,0.9675925925925926
2026-07-28,streaming-stick,TRUE,462,448,0.9696969696969697
2026-07-29,streaming-stick,TRUE,445,432,0.9707865168539326
2026-07-30,streaming-stick,TRUE,448,430,0.9598214285714286
2026-07-31,streaming-stick,TRUE,490,475,0.9693877551020408
2025-12-01,tv-web,FALSE,793,764,0.9634300126103404
2025-12-02,tv-web,FALSE,763,732,0.9593709043250328
2025-12-03,tv-web,FALSE,761,718,0.9434954007884363
2025-12-04,tv-web,FALSE,715,687,0.9608391608391609
2025-12-05,tv-web,FALSE,748,732,0.9786096256684492
2025-12-06,tv-web,FALSE,787,742,0.9428208386277002
2025-12-07,tv-web,FALSE,741,710,0.9581646423751687
2025-12-08,tv-web,FALSE,673,641,0.9524517087667161
2025-12-09,tv-web,FALSE,798,757,0.9486215538847118
2025-12-10,tv-web,FALSE,731,700,0.957592339261286
2025-12-11,tv-web,FALSE,792,760,0.9595959595959596
2025-12-12,tv-web,FALSE,776,731,0.9420103092783505
2025-12-13,tv-web,FALSE,699,656,0.9384835479256081
2025-12-14,tv-web,FALSE,739,706,0.9553450608930988
2025-12-15,tv-web,FALSE,702,676,0.9629629629629629
2025-12-16,tv-web,FALSE,787,765,0.9720457433290979
2025-12-17,tv-web,FALSE,778,734,0.9434447300771208
2025-12-18,tv-web,FALSE,727,700,0.9628610729023384
2025-12-19,tv-web,FALSE,701,671,0.9572039942938659
2025-12-20,tv-web,FALSE,755,722,0.9562913907284768
2025-12-21,tv-web,FALSE,769,735,0.9557867360208062
2025-12-22,tv-web,FALSE,762,736,0.9658792650918635
2025-12-23,tv-web,FALSE,762,729,0.9566929133858267
2025-12-24,tv-web,FALSE,764,739,0.9672774869109948
2025-12-25,tv-web,FALSE,776,740,0.9536082474226805
2025-12-26,tv-web,FALSE,766,740,0.9660574412532638
2025-12-27,tv-web,FALSE,712,685,0.9620786516853933
2025-12-28,tv-web,FALSE,737,694,0.9416553595658074
2025-12-29,tv-web,FALSE,780,753,0.9653846153846154
2025-12-30,tv-web,FALSE,741,705,0.951417004048583
2025-12-31,tv-web,FALSE,755,715,0.9470198675496688
2026-01-01,tv-web,FALSE,770,739,0.9597402597402598
2026-01-02,tv-web,FALSE,739,709,0.959404600811908
2026-01-03,tv-web,FALSE,764,734,0.9607329842931938
2026-01-04,tv-web,FALSE,761,721,0.9474375821287779
2026-01-05,tv-web,FALSE,758,722,0.9525065963060686
2026-01-06,tv-web,FALSE,712,679,0.9536516853932584
2026-01-07,tv-web,FALSE,737,714,0.9687924016282226
2026-01-08,tv-web,FALSE,765,739,0.9660130718954248
2026-01-09,tv-web,FALSE,773,742,0.9598965071151359
2026-01-10,tv-web,FALSE,740,699,0.9445945945945946
2026-01-11,tv-web,FALSE,747,714,0.9558232931726908
2026-01-12,tv-web,FALSE,719,693,0.9638386648122392
2026-01-13,tv-web,FALSE,717,692,0.9651324965132496
2026-01-14,tv-web,FALSE,746,712,0.9544235924932976
2026-01-15,tv-web,FALSE,755,729,0.9655629139072848
2026-01-16,tv-web,FALSE,779,749,0.9614890885750963
2026-01-17,tv-web,FALSE,752,725,0.964095744680851
2026-01-18,tv-web,FALSE,790,763,0.9658227848101266
2026-01-19,tv-web,FALSE,824,783,0.9502427184466019
2026-01-20,tv-web,FALSE,780,749,0.9602564102564103
2026-01-21,tv-web,FALSE,777,735,0.9459459459459459
2026-01-22,tv-web,FALSE,721,688,0.9542302357836339
2026-01-23,tv-web,FALSE,748,716,0.9572192513368984
2026-01-24,tv-web,FALSE,710,684,0.9633802816901409
2026-01-25,tv-web,FALSE,753,721,0.9575033200531209
2026-01-26,tv-web,FALSE,745,711,0.9543624161073826
2026-01-27,tv-web,FALSE,767,739,0.9634941329856584
2026-01-28,tv-web,FALSE,770,746,0.9688311688311688
2026-01-29,tv-web,FALSE,725,698,0.9627586206896551
2026-01-30,tv-web,FALSE,749,725,0.9679572763684913
2026-01-31,tv-web,FALSE,716,688,0.9608938547486033
2026-02-01,tv-web,FALSE,773,741,0.9586028460543338
2026-02-02,tv-web,FALSE,732,703,0.9603825136612022
2026-02-03,tv-web,FALSE,727,699,0.9614855570839065
2026-02-04,tv-web,FALSE,768,742,0.9661458333333334
2026-02-05,tv-web,FALSE,762,729,0.9566929133858267
2026-02-06,tv-web,FALSE,733,708,0.965893587994543
2026-02-07,tv-web,FALSE,743,700,0.9421265141318977
2026-02-08,tv-web,FALSE,739,708,0.9580514208389715
2026-02-09,tv-web,FALSE,766,742,0.9686684073107049
2026-02-10,tv-web,FALSE,670,640,0.9552238805970149
2026-02-11,tv-web,FALSE,742,712,0.9595687331536388
2026-02-12,tv-web,FALSE,718,692,0.9637883008356546
2026-02-13,tv-web,FALSE,753,719,0.9548472775564409
2026-02-14,tv-web,FALSE,743,708,0.9528936742934051
2026-02-15,tv-web,FALSE,776,738,0.9510309278350515
2026-02-16,tv-web,FALSE,746,715,0.9584450402144772
2026-02-17,tv-web,FALSE,738,702,0.9512195121951219
2026-02-18,tv-web,FALSE,751,730,0.9720372836218375
2026-02-19,tv-web,FALSE,714,685,0.9593837535014006
2026-02-20,tv-web,FALSE,742,715,0.9636118598382749
2026-02-21,tv-web,FALSE,771,733,0.9507133592736705
2026-02-22,tv-web,FALSE,769,741,0.9635890767230169
2026-02-23,tv-web,FALSE,764,716,0.93717277486911
2026-02-24,tv-web,FALSE,780,749,0.9602564102564103
2026-02-25,tv-web,FALSE,737,706,0.9579375848032564
2026-02-26,tv-web,FALSE,695,663,0.9539568345323741
2026-02-27,tv-web,FALSE,770,729,0.9467532467532468
2026-02-28,tv-web,FALSE,739,712,0.9634641407307172
2026-03-01,tv-web,FALSE,790,753,0.9531645569620253
2026-03-02,tv-web,FALSE,728,700,0.9615384615384616
2026-03-03,tv-web,FALSE,751,715,0.952063914780293
2026-03-04,tv-web,FALSE,758,723,0.9538258575197889
2026-03-05,tv-web,FALSE,749,721,0.9626168224299065
2026-03-06,tv-web,FALSE,744,715,0.9610215053763441
2026-03-07,tv-web,FALSE,748,715,0.9558823529411765
2026-03-08,tv-web,FALSE,772,743,0.9624352331606217
2026-03-09,tv-web,FALSE,754,730,0.9681697612732095
2026-03-10,tv-web,FALSE,754,725,0.9615384615384616
2026-03-11,tv-web,FALSE,779,746,0.9576379974326059
2026-03-12,tv-web,FALSE,734,707,0.9632152588555858
2026-03-13,tv-web,FALSE,741,701,0.9460188933873145
2026-03-14,tv-web,FALSE,756,729,0.9642857142857143
2026-03-15,tv-web,FALSE,714,682,0.9551820728291317
2026-03-16,tv-web,FALSE,712,675,0.9480337078651685
2026-03-17,tv-web,FALSE,732,707,0.9658469945355191
2026-03-18,tv-web,FALSE,809,778,0.9616810877626699
2026-03-19,tv-web,FALSE,784,751,0.9579081632653061
2026-03-20,tv-web,FALSE,800,769,0.96125
2026-03-21,tv-web,FALSE,749,719,0.9599465954606141
2026-03-22,tv-web,FALSE,763,714,0.9357798165137615
2026-03-23,tv-web,FALSE,730,699,0.9575342465753425
2026-03-24,tv-web,FALSE,800,766,0.9575
2026-03-25,tv-web,FALSE,696,669,0.9612068965517241
2026-03-26,tv-web,FALSE,787,751,0.9542566709021602
2026-03-27,tv-web,FALSE,776,747,0.9626288659793815
2026-03-28,tv-web,FALSE,782,756,0.9667519181585678
2026-03-29,tv-web,FALSE,771,734,0.9520103761348897
2026-03-30,tv-web,FALSE,751,719,0.9573901464713716
2026-03-31,tv-web,FALSE,698,664,0.9512893982808023
2026-04-01,tv-web,FALSE,731,702,0.960328317373461
2026-04-02,tv-web,FALSE,749,709,0.9465954606141522
2026-04-03,tv-web,FALSE,715,692,0.9678321678321679
2026-04-04,tv-web,FALSE,759,722,0.9512516469038208
2026-04-05,tv-web,FALSE,760,724,0.9526315789473684
2026-04-06,tv-web,FALSE,803,773,0.962640099626401
2026-04-07,tv-web,FALSE,732,708,0.9672131147540983
2026-04-08,tv-web,FALSE,775,753,0.9716129032258064
2026-04-09,tv-web,FALSE,746,711,0.953083109919571
2026-04-10,tv-web,FALSE,782,751,0.9603580562659847
2026-04-11,tv-web,FALSE,759,716,0.9433465085638999
2026-04-12,tv-web,FALSE,812,765,0.9421182266009852
2026-04-13,tv-web,FALSE,751,723,0.96271637816245
2026-04-14,tv-web,FALSE,734,707,0.9632152588555858
2026-04-15,tv-web,FALSE,726,687,0.9462809917355371
2026-04-16,tv-web,FALSE,710,674,0.9492957746478873
2026-04-17,tv-web,FALSE,753,717,0.952191235059761
2026-04-18,tv-web,FALSE,776,741,0.9548969072164949
2026-04-19,tv-web,FALSE,747,727,0.9732262382864793
2026-04-20,tv-web,FALSE,742,713,0.9609164420485176
2026-04-21,tv-web,FALSE,786,750,0.9541984732824428
2026-04-22,tv-web,FALSE,777,747,0.9613899613899614
2026-04-23,tv-web,FALSE,771,745,0.9662775616083009
2026-04-24,tv-web,FALSE,788,757,0.9606598984771574
2026-04-25,tv-web,FALSE,722,694,0.961218836565097
2026-04-26,tv-web,FALSE,734,698,0.9509536784741145
2026-04-27,tv-web,FALSE,733,704,0.9604365620736699
2026-04-28,tv-web,FALSE,707,673,0.9519094766619519
2026-04-29,tv-web,FALSE,778,750,0.9640102827763496
2026-04-30,tv-web,FALSE,699,675,0.9656652360515021
2026-05-01,tv-web,FALSE,755,721,0.9549668874172186
2026-05-02,tv-web,FALSE,794,755,0.9508816120906801
2026-05-03,tv-web,FALSE,802,766,0.9551122194513716
2026-05-04,tv-web,FALSE,771,730,0.9468223086900129
2026-05-05,tv-web,FALSE,791,751,0.9494310998735778
2026-05-06,tv-web,FALSE,780,748,0.958974358974359
2026-05-07,tv-web,FALSE,730,709,0.9712328767123287
2026-05-08,tv-web,FALSE,789,753,0.9543726235741445
2026-05-09,tv-web,FALSE,807,768,0.9516728624535316
2026-05-10,tv-web,FALSE,734,701,0.9550408719346049
2026-05-11,tv-web,FALSE,756,723,0.9563492063492064
2026-05-12,tv-web,FALSE,743,718,0.9663526244952894
2026-05-13,tv-web,FALSE,769,737,0.9583875162548765
2026-05-14,tv-web,FALSE,723,693,0.9585062240663901
2026-05-15,tv-web,FALSE,759,734,0.9670619235836627
2026-05-16,tv-web,FALSE,758,725,0.9564643799472295
2026-05-17,tv-web,FALSE,782,737,0.9424552429667519
2026-05-18,tv-web,FALSE,719,685,0.952712100139082
2026-05-19,tv-web,FALSE,782,749,0.9578005115089514
2026-05-20,tv-web,FALSE,711,685,0.9634317862165963
2026-05-21,tv-web,FALSE,767,728,0.9491525423728814
2026-05-22,tv-web,FALSE,735,704,0.9578231292517007
2026-05-23,tv-web,FALSE,734,704,0.9591280653950953
2026-05-24,tv-web,FALSE,722,697,0.9653739612188366
2026-05-25,tv-web,FALSE,779,751,0.9640564826700898
2026-05-26,tv-web,FALSE,748,714,0.9545454545454546
2026-05-27,tv-web,FALSE,731,697,0.9534883720930233
2026-05-28,tv-web,FALSE,730,706,0.9671232876712329
2026-05-29,tv-web,FALSE,744,704,0.946236559139785
2026-05-30,tv-web,FALSE,787,744,0.9453621346886912
2026-05-31,tv-web,FALSE,743,716,0.9636608344549125
2026-06-01,tv-web,TRUE,749,712,0.9506008010680908
2026-06-02,tv-web,TRUE,736,710,0.9646739130434783
2026-06-03,tv-web,TRUE,765,734,0.9594771241830066
2026-06-04,tv-web,TRUE,788,755,0.9581218274111675
2026-06-05,tv-web,TRUE,754,714,0.946949602122016
2026-06-06,tv-web,TRUE,713,677,0.9495091164095372
2026-06-07,tv-web,TRUE,764,735,0.9620418848167539
2026-06-08,tv-web,TRUE,725,688,0.9489655172413793
2026-06-09,tv-web,TRUE,783,748,0.9553001277139208
2026-06-10,tv-web,TRUE,732,704,0.9617486338797814
2026-06-11,tv-web,TRUE,726,693,0.9545454545454546
2026-06-12,tv-web,TRUE,749,712,0.9506008010680908
2026-06-13,tv-web,TRUE,753,721,0.9575033200531209
2026-06-14,tv-web,TRUE,733,696,0.9495225102319236
2026-06-15,tv-web,TRUE,767,732,0.954367666232073
2026-06-16,tv-web,TRUE,795,770,0.9685534591194969
2026-06-17,tv-web,TRUE,726,698,0.9614325068870524
2026-06-18,tv-web,TRUE,706,676,0.9575070821529745
2026-06-19,tv-web,TRUE,735,706,0.9605442176870749
2026-06-20,tv-web,TRUE,689,656,0.9521044992743106
2026-06-21,tv-web,TRUE,752,720,0.9574468085106383
2026-06-22,tv-web,TRUE,780,740,0.9487179487179487
2026-06-23,tv-web,TRUE,745,717,0.9624161073825503
2026-06-24,tv-web,TRUE,736,696,0.9456521739130435
2026-06-25,tv-web,TRUE,726,689,0.9490358126721763
2026-06-26,tv-web,TRUE,680,661,0.9720588235294118
2026-06-27,tv-web,TRUE,796,768,0.964824120603015
2026-06-28,tv-web,TRUE,748,704,0.9411764705882353
2026-06-29,tv-web,TRUE,714,684,0.957983193277311
2026-06-30,tv-web,TRUE,739,698,0.9445196211096076
2026-07-01,tv-web,TRUE,708,676,0.9548022598870056
2026-07-02,tv-web,TRUE,756,718,0.9497354497354498
2026-07-03,tv-web,TRUE,706,677,0.9589235127478754
2026-07-04,tv-web,TRUE,732,702,0.9590163934426229
2026-07-05,tv-web,TRUE,753,708,0.9402390438247012
2026-07-06,tv-web,TRUE,801,765,0.9550561797752809
2026-07-07,tv-web,TRUE,716,684,0.9553072625698324
2026-07-08,tv-web,TRUE,749,722,0.9639519359145527
2026-07-09,tv-web,TRUE,777,740,0.9523809523809523
2026-07-10,tv-web,TRUE,751,727,0.9680426098535286
2026-07-11,tv-web,TRUE,694,675,0.9726224783861671
2026-07-12,tv-web,TRUE,765,730,0.954248366013072
2026-07-13,tv-web,TRUE,746,723,0.9691689008042895
2026-07-14,tv-web,TRUE,743,713,0.9596231493943472
2026-07-15,tv-web,TRUE,733,703,0.9590723055934516
2026-07-16,tv-web,TRUE,739,717,0.9702300405953992
2026-07-17,tv-web,TRUE,730,697,0.9547945205479452
2026-07-18,tv-web,TRUE,778,746,0.9588688946015425
2026-07-19,tv-web,TRUE,785,752,0.9579617834394905
2026-07-20,tv-web,TRUE,781,744,0.9526248399487837
2026-07-21,tv-web,TRUE,769,735,0.9557867360208062
2026-07-22,tv-web,TRUE,757,725,0.9577278731836195
2026-07-23,tv-web,TRUE,757,726,0.9590488771466315
2026-07-24,tv-web,TRUE,804,773,0.9614427860696517
2026-07-25,tv-web,TRUE,737,696,0.9443690637720489
2026-07-26,tv-web,TRUE,759,721,0.9499341238471674
2026-07-27,tv-web,TRUE,740,721,0.9743243243243244
2026-07-28,tv-web,TRUE,715,683,0.9552447552447553
2026-07-29,tv-web,TRUE,703,680,0.9672830725462305
2026-07-30,tv-web,TRUE,802,758,0.9451371571072319
2026-07-31,tv-web,TRUE,792,759,0.9583333333333334
